,w_tract,workers
0,51001090101,539
1,51001090102,270
2,51001090201,350
3,51001090202,1019
4,51001090300,86
5,51001090401,140
6,51001090402,1382
7,51001090500,2052
8,51001090600,845
9,51001090700,971
10,51001090800,670
11,51001980100,13
12,51001980200,418
13,51003010100,505
14,51003010201,1018
15,51003010202,403
16,51003010301,2868
17,51003010302,75
18,51003010303,662
19,51003010401,962
20,51003010402,1027
21,51003010501,192
22,51003010502,6362
23,51003010602,361
24,51003010603,1977
25,51003010604,1669
26,51003010701,1960
27,51003010702,2450
28,51003010801,386
29,51003010802,3231
30,51003010901,832
31,51003010904,12398
32,51003011000,2160
33,51003011101,920
34,51003011102,163
35,51003011103,635
36,51003011201,704
37,51003011202,1098
38,51003011301,1093
39,51003011302,1119
40,51003011303,2112
41,51003011400,518
42,51005070100,740
43,51005080100,1249
44,51005080201,936
45,51005080202,264
46,51005080301,132
47,51005080302,63
48,51007930101,213
49,51007930102,621
50,51007930200,1537
51,51009010100,371
52,51009010201,2754
53,51009010202,501
54,51009010300,111
55,51009010401,265
56,51009010402,489
57,51009010504,1023
58,51009010505,234
59,51009010506,1131
60,51009010600,254
61,51011040101,523
62,51011040102,1929
63,51011040200,267
64,51011040300,279
65,51013100100,560
66,51013100200,1066
67,51013100300,1090
68,51013100400,195
69,51013100500,594
70,51013100600,575
71,51013100700,614
72,51013100800,254
73,51013100900,3437
74,51013101000,3336
75,51013101100,477
76,51013101200,303
77,51013101300,1130
78,51013101401,8291
79,51013101402,5898
80,51013101405,614
81,51013101406,1189
82,51013101407,1992
83,51013101408,1625
84,51013101409,4526
85,51013101501,472
86,51013101502,2861
87,51013101503,1293
88,51013101601,195
89,51013101602,1556
90,51013101603,12706
91,51013101701,2410
92,51013101703,154
93,51013101704,2466
94,51013101705,2933
95,51013101801,2731
96,51013101803,398
97,51013101804,437
98,51013101805,5019
99,51013101900,1328
100,51013102001,400
101,51013102002,75
102,51013102003,891
103,51013102100,392
104,51013102200,306
105,51013102301,759
106,51013102302,635
107,51013102400,248
108,51013102500,1100
109,51013102600,202
110,51013102701,90
111,51013102702,24
112,51013102802,373
113,51013102803,84
114,51013102804,132
115,51013102901,706
116,51013102903,87
117,51013102904,1993
118,51013103000,86
119,51013103100,706
120,51013103200,578
121,51013103300,33
122,51013103401,419
123,51013103403,2345
124,51013103404,4045
125,51013103405,7486
126,51013103501,47
127,51013103503,2845
128,51013103504,299
129,51013103505,3406
130,51013103601,153
131,51013103602,590
132,51013103700,548
133,51013103800,427
134,51013980100,267
135,51013980200,2470
136,51015070100,505
137,51015070200,183
138,51015070300,2038
139,51015070400,448
140,51015070500,516
141,51015070601,576
142,51015070602,4408
143,51015070603,679
144,51015070701,5243
145,51015070702,212
146,51015070801,148
147,51015070802,272
148,51015070900,1865
149,51015071000,575
150,51015071101,4097
151,51015071102,2356
152,51015071201,385
153,51015071202,1643
154,51017920101,446
155,51017920102,1197
156,51019030101,380
157,51019030103,4932
158,51019030104,847
159,51019030202,812
160,51019030203,608
161,51019030204,709
162,51019030300,560
163,51019030401,325
164,51019030403,433
165,51019030404,1432
166,51019030501,418
167,51019030503,163
168,51019030504,527
169,51019030601,150
170,51019030602,226
171,51019030603,127
172,51019030604,37
173,51019030605,389
174,51019050101,3701
175,51019050102,1585
176,51021040100,854
177,51021040200,649
178,51023040100,259
179,51023040200,498
180,51023040301,1539
181,51023040303,3154
182,51023040304,798
183,51023040401,258
184,51023040402,2770
185,51023040501,1245
186,51023040502,222
187,51025930100,506
188,51025930201,524
189,51025930202,177
190,51025930203,1287
191,51025930301,132
192,51025930302,391
193,51027010100,1024
194,51027010200,261
195,51027010300,432
196,51027010400,949
197,51027010500,19
198,51027010600,1728
199,51027010700,160
200,51029930101,131
201,51029930102,380
202,51029930201,1343
203,51029930202,1072
204,51031020101,4806
205,51031020102,523
206,51031020200,1861
207,51031020300,722
208,51031020401,1872
209,51031020402,812
210,51031020403,444
211,51031020500,1273
212,51031020600,564
213,51031020700,3320
214,51031020800,364
215,51031020900,681
216,51033030100,741
217,51033030201,678
218,51033030202,98
219,51033030300,1450
220,51033030400,105
221,51033030501,672
222,51033030502,272
223,51033030503,605
224,51033030600,231
225,51035080100,1880
226,51035080200,1645
227,51035080300,186
228,51035080401,492
229,51035080402,175
230,51035080501,212
231,51035080502,325
232,51035080601,33
233,51035080603,240
234,51035080604,89
235,51036600100,962
236,51036600200,218
237,51036600300,491
238,51037930101,990
239,51037930102,375
240,51037930200,730
241,51037930300,463
242,51041100106,104
243,51041100107,5907
244,51041100206,831
245,51041100208,145
246,51041100209,1629
247,51041100210,1376
248,51041100211,264
249,51041100212,175
250,51041100300,2852
251,51041100403,16995
252,51041100404,413
253,51041100405,73
254,51041100406,366
255,51041100407,655
256,51041100409,2222
257,51041100410,430
258,51041100505,3292
259,51041100506,1451
260,51041100507,256
261,51041100508,478
262,51041100509,7713
263,51041100510,328
264,51041100600,1027
265,51041100701,371
266,51041100702,51
267,51041100704,208
268,51041100705,193
269,51041100804,545
270,51041100805,457
271,51041100806,1260
272,51041100807,147
273,51041100812,1425
274,51041100814,347
275,51041100815,157
276,51041100816,73
277,51041100817,13119
278,51041100818,196
279,51041100819,530
280,51041100820,2368
281,51041100821,1403
282,51041100822,2740
283,51041100823,1231
284,51041100902,1023
285,51041100907,1763
286,51041100910,406
287,51041100912,1709
288,51041100915,3608
289,51041100919,5060
290,51041100920,7237
291,51041100921,401
292,51041100922,8654
293,51041100923,1145
294,51041100924,3222
295,51041100926,1620
296,51041100928,3307
297,51041100929,821
298,51041100930,932
299,51041100931,2718
300,51041100932,130
301,51041100933,260
302,51041100934,1661
303,51041100935,743
304,51041100936,507
305,51041100937,1642
306,51041100938,404
307,51041101003,431
308,51041101004,562
309,51041101007,2048
310,51041101008,743
311,51041101009,1342
312,51041101011,555
313,51041101012,2672
314,51041101013,161
315,51041101014,106
316,51041101015,771
317,51043010101,1889
318,51043010102,351
319,51043010200,528
320,51043010300,153
321,51045050100,616
322,51047930101,329
323,51047930103,184
324,51047930104,170
325,51047930202,551
326,51047930203,542
327,51047930204,1206
328,51047930300,5284
329,51047930400,2917
330,51047930501,873
331,51047930502,3168
332,51049930101,161
333,51049930102,598
334,51049930200,425
335,51051040100,506
336,51051040200,511
337,51051040300,1523
338,51051040400,824
339,51053840101,82
340,51053840102,212
341,51053840200,2148
342,51053840300,2178
343,51053840400,1190
344,51053840500,1295
345,51053840601,1259
346,51053840602,391
347,51053980100,335
348,51057950600,306
349,51057950700,2529
350,51057950800,128
351,51059415100,1159
352,51059415200,865
353,51059415300,283
354,51059415401,442
355,51059415402,287
356,51059415500,2016
357,51059415600,83
358,51059415700,90
359,51059415800,200
360,51059415900,477
361,51059416000,552
362,51059416100,626
363,51059416200,1822
364,51059416300,581
365,51059420100,310
366,51059420201,346
367,51059420202,66
368,51059420203,506
369,51059420300,327
370,51059420400,549
371,51059420501,9
372,51059420502,169
373,51059420503,308
374,51059420600,725
375,51059420700,140
376,51059420800,114
377,51059421001,3986
378,51059421002,4351
379,51059421101,1581
380,51059421102,225
381,51059421103,2220
382,51059421200,105
383,51059421300,249
384,51059421400,1408
385,51059421500,1847
386,51059421600,200
387,51059421701,48
388,51059421702,52
389,51059421800,536
390,51059421900,1017
391,51059422000,4502
392,51059422101,619
393,51059422102,2196
394,51059422201,249
395,51059422202,712
396,51059422301,380
397,51059422302,2291
398,51059422401,26
399,51059422402,754
400,51059422403,114
401,51059430101,1011
402,51059430102,283
403,51059430201,103
404,51059430202,568
405,51059430203,56
406,51059430400,2516
407,51059430500,44
408,51059430600,2805
409,51059430700,687
410,51059430801,880
411,51059430802,295
412,51059430901,1189
413,51059430902,398
414,51059431001,1177
415,51059431002,20
416,51059431300,229
417,51059431400,164
418,51059431500,300
419,51059431601,900
420,51059431602,1541
421,51059431801,209
422,51059431802,900
423,51059431900,79
424,51059432000,1196
425,51059432100,113
426,51059432201,992
427,51059432202,442
428,51059432300,237
429,51059432401,109
430,51059432402,102
431,51059432500,328
432,51059432600,308
433,51059432701,67
434,51059432702,563
435,51059432800,5771
436,51059440100,1090
437,51059440201,9442
438,51059440202,13674
439,51059440300,615
440,51059440501,323
441,51059440503,5279
442,51059440504,1562
443,51059440505,68
444,51059440600,1285
445,51059440701,133
446,51059440702,110
447,51059440800,1489
448,51059450100,3248
449,51059450200,444
450,51059450300,1294
451,51059450400,989
452,51059450500,227
453,51059450601,2737
454,51059450602,423
455,51059450701,360
456,51059450702,1982
457,51059450800,790
458,51059450900,28
459,51059451000,205
460,51059451100,49
461,51059451200,172
462,51059451300,407
463,51059451400,1042
464,51059451501,1552
465,51059451502,2801
466,51059451601,901
467,51059451602,38
468,51059451800,447
469,51059451900,1278
470,51059452000,1649
471,51059452101,1295
472,51059452102,1152
473,51059452200,1484
474,51059452301,195
475,51059452302,182
476,51059452400,928
477,51059452501,43028
478,51059452502,759
479,51059452600,3446
480,51059452700,769
481,51059452801,1584
482,51059452802,188
483,51059460100,306
484,51059460200,253
485,51059460300,138
486,51059460400,6875
487,51059460501,9770
488,51059460503,514
489,51059460504,1040
490,51059460600,457
491,51059460701,172
492,51059460702,1178
493,51059460800,5480
494,51059460900,1215
495,51059461000,1190
496,51059461100,1013
497,51059461201,751
498,51059461202,6339
499,51059461500,441
500,51059461603,1370
501,51059461604,684
502,51059461605,5713
503,51059461606,2287
504,51059461700,1406
505,51059461801,22
506,51059461802,4450
507,51059461901,352
508,51059461902,15
509,51059470100,349
510,51059470300,284
511,51059470400,1661
512,51059470500,2892
513,51059470600,814
514,51059470700,1622
515,51059470800,165
516,51059470900,609
517,51059471000,61
518,51059471100,1195
519,51059471201,1152
520,51059471203,82
521,51059471204,10274
522,51059471301,1220
523,51059471303,214
524,51059471304,345
525,51059471401,77
526,51059471402,598
527,51059480100,660
528,51059480201,1346
529,51059480203,2749
530,51059480204,12690
531,51059480205,33076
532,51059480301,348
533,51059480302,2711
534,51059480401,879
535,51059480402,763
536,51059480501,293
537,51059480502,297
538,51059480503,149
539,51059480504,397
540,51059480505,641
541,51059480801,1380
542,51059480802,2792
543,51059480901,1251
544,51059480902,8074
545,51059480903,4975
546,51059481000,250
547,51059481101,6573
548,51059481102,175
549,51059481103,657
550,51059481104,169
551,51059481105,704
552,51059481106,597
553,51059481201,2433
554,51059481202,7737
555,51059481400,591
556,51059481500,96
557,51059481600,287
558,51059481701,312
559,51059481702,207
560,51059481900,5905
561,51059482001,279
562,51059482002,200
563,51059482100,222
564,51059482201,441
565,51059482203,22111
566,51059482204,639
567,51059482205,8706
568,51059482206,504
569,51059482301,4530
570,51059482302,155
571,51059482303,135
572,51059482400,8048
573,51059482502,122
574,51059482503,893
575,51059482504,518
576,51059482505,7768
577,51059482506,10850
578,51059482507,4524
579,51059482601,1150
580,51059482603,3609
581,51059482604,409
582,51059490101,8241
583,51059490104,14310
584,51059490105,18615
585,51059490501,667
586,51059490502,903
587,51059491000,280
588,51059491101,149
589,51059491102,133
590,51059491103,114
591,51059491201,861
592,51059491202,2254
593,51059491301,916
594,51059491302,941
595,51059491303,1267
596,51059491401,1016
597,51059491402,88
598,51059491403,246
599,51059491404,110
600,51059491405,156
601,51059491501,602
602,51059491502,538
603,51059491601,2477
604,51059491602,194
605,51059491701,5254
606,51059491703,14347
607,51059491704,2686
608,51059491705,806
609,51059491706,7736
610,51059491707,826
611,51059491801,2015
612,51059491802,609
613,51059491803,1374
614,51059492000,1093
615,51059492100,485
616,51059492201,735
617,51059492202,312
618,51059492203,637
619,51059492300,86
620,51059492400,126
621,51059492500,893
622,51059980100,910
623,51059980200,232
624,51059980300,79
625,51061930101,1173
626,51061930102,970
627,51061930203,321
628,51061930204,263
629,51061930205,157
630,51061930206,451
631,51061930207,782
632,51061930303,1458
633,51061930304,348
634,51061930305,7767
635,51061930306,601
636,51061930401,1593
637,51061930402,446
638,51061930404,383
639,51061930405,1651
640,51061930703,109
641,51061930704,398
642,51061930705,946
643,51061930706,457
644,51061930707,189
645,51063920102,1179
646,51063920103,346
647,51063920104,1527
648,51063920201,227
649,51063920202,178
650,51065020101,2392
651,51065020103,204
652,51065020104,586
653,51065020200,725
654,51065020300,409
655,51067020102,212
656,51067020103,135
657,51067020104,516
658,51067020200,1291
659,51067020301,302
660,51067020302,963
661,51067020400,2525
662,51067020501,1118
663,51067020502,358
664,51067020600,400
665,51067020701,160
666,51067020702,351
667,51067020801,5145
668,51067020802,695
669,51067020901,247
670,51067020902,203
671,51069050100,1720
672,51069050200,1386
673,51069050300,790
674,51069050401,52
675,51069050402,144
676,51069050500,1256
677,51069050600,397
678,51069050700,1067
679,51069050801,612
680,51069050804,558
681,51069050805,975
682,51069050806,135
683,51069050807,61
684,51069050900,7291
685,51069051001,169
686,51069051002,271
687,51069051102,5574
688,51069051103,313
689,51069051104,41
690,51071930100,307
691,51071930200,498
692,51071930300,2008
693,51071930400,1015
694,51073100101,389
695,51073100102,171
696,51073100201,253
697,51073100202,1565
698,51073100203,4128
699,51073100301,1159
700,51073100302,455
701,51073100400,397
702,51073100500,164
703,51075400101,11664
704,51075400102,5493
705,51075400200,1004
706,51075400300,629
707,51075400400,1694
708,51075400500,187
709,51077060101,97
710,51077060102,208
711,51077060201,1442
712,51077060202,393
713,51077060300,111
714,51079030101,1340
715,51079030102,357
716,51079030201,1085
717,51079030202,920
718,51081880101,1575
719,51081880102,685
720,51081880200,383
721,51083930100,123
722,51083930202,60
723,51083930203,82
724,51083930204,24
725,51083930301,707
726,51083930302,2358
727,51083930400,585
728,51083930500,450
729,51083930601,734
730,51083930602,3475
731,51083930800,1740
732,51085320100,1707
733,51085320200,1064
734,51085320300,733
735,51085320400,6728
736,51085320500,409
737,51085320601,6307
738,51085320602,4394
739,51085320701,251
740,51085320702,809
741,51085320801,7848
742,51085320803,1231
743,51085320804,1257
744,51085320805,283
745,51085320901,909
746,51085320902,7147
747,51085321001,1355
748,51085321003,1158
749,51085321004,154
750,51085321100,3893
751,51085321201,3047
752,51085321202,403
753,51085321300,1958
754,51085321401,169
755,51085321402,257
756,51085321403,187
757,51087200106,1252
758,51087200108,840
759,51087200109,355
760,51087200122,773
761,51087200123,211
762,51087200124,1077
763,51087200125,125
764,51087200126,1718
765,51087200127,1193
766,51087200131,5287
767,51087200132,654
768,51087200133,233
769,51087200134,817
770,51087200135,368
771,51087200136,920
772,51087200137,91
773,51087200138,748
774,51087200139,171
775,51087200140,4492
776,51087200141,2534
777,51087200142,744
778,51087200143,138
779,51087200144,3991
780,51087200145,189
781,51087200146,194
782,51087200147,537
783,51087200148,3970
784,51087200149,1055
785,51087200150,18639
786,51087200151,13538
787,51087200152,339
788,51087200153,1807
789,51087200201,635
790,51087200202,590
791,51087200301,4797
792,51087200302,7183
793,51087200303,8055
794,51087200305,4330
795,51087200404,2600
796,51087200407,2179
797,51087200409,5460
798,51087200411,343
799,51087200412,1018
800,51087200413,590
801,51087200414,185
802,51087200415,252
803,51087200416,489
804,51087200417,1083
805,51087200418,843
806,51087200501,7769
807,51087200502,12875
808,51087200503,6786
809,51087200600,153
810,51087200700,1836
811,51087200801,5494
812,51087200802,796
813,51087200805,2600
814,51087200806,36
815,51087200807,192
816,51087200904,3443
817,51087200905,1645
818,51087200906,180
819,51087200907,4340
820,51087200908,2275
821,51087201001,567
822,51087201002,1079
823,51087201003,523
824,51087201102,190
825,51087201103,154
826,51087201104,8231
827,51087201203,193
828,51087201204,241
829,51087201205,1788
830,51087201206,69
831,51087201403,405
832,51087201404,1551
833,51087201405,741
834,51087201406,6317
835,51087201502,1260
836,51087201503,137
837,51087201504,5531
838,51087201601,185
839,51087201602,1781
840,51087201701,612
841,51087980100,1604
842,51089010100,1347
843,51089010200,2598
844,51089010300,3539
845,51089010400,300
846,51089010500,158
847,51089010601,635
848,51089010602,2087
849,51089010700,332
850,51089010800,458
851,51089010900,108
852,51089011000,239
853,51089011100,2010
854,51089011200,145
855,51089011300,529
856,51091970100,372
857,51093280101,2388
858,51093280104,345
859,51093280105,2028
860,51093280106,782
861,51093280107,468
862,51093280108,392
863,51093280200,389
864,51093280300,2651
865,51093280400,453
866,51095080102,2420
867,51095080103,2210
868,51095080104,1629
869,51095080202,1726
870,51095080203,689
871,51095080205,4251
872,51095080207,380
873,51095080208,63
874,51095080209,1490
875,51095080304,576
876,51095080305,2120
877,51095080306,1841
878,51095080307,613
879,51095080308,327
880,51095080402,2511
881,51095080403,1265
882,51095080404,304
883,51097950400,662
884,51097950500,417
885,51099040100,2451
886,51099040200,637
887,51099040301,564
888,51099040302,491
889,51099040400,1504
890,51099040500,266
891,51101950101,1473
892,51101950102,572
893,51101950200,343
894,51101950300,1503
895,51103030100,462
896,51103030200,2585
897,51103030301,357
898,51103030302,833
899,51105950100,315
900,51105950200,200
901,51105950301,1165
902,51105950302,327
903,51105950400,321
904,51105950500,971
905,51105950600,232
906,51107610101,417
907,51107610102,398
908,51107610201,855
909,51107610202,470
910,51107610300,878
911,51107610400,2854
912,51107610503,2349
913,51107610504,1173
914,51107610505,5073
915,51107610506,3905
916,51107610507,551
917,51107610601,811
918,51107610602,747
919,51107610603,1444
920,51107610604,3653
921,51107610701,738
922,51107610702,3289
923,51107610703,629
924,51107610800,1032
925,51107610900,1512
926,51107611002,5142
927,51107611004,1514
928,51107611005,880
929,51107611006,5402
930,51107611009,814
931,51107611010,220
932,51107611011,848
933,51107611012,1493
934,51107611013,345
935,51107611014,1374
936,51107611015,4016
937,51107611016,595
938,51107611017,254
939,51107611018,2268
940,51107611019,2415
941,51107611020,14127
942,51107611022,676
943,51107611023,6741
944,51107611026,1675
945,51107611027,314
946,51107611028,664
947,51107611029,721
948,51107611030,633
949,51107611031,190
950,51107611032,95
951,51107611101,135
952,51107611102,1555
953,51107611202,512
954,51107611204,223
955,51107611205,855
956,51107611206,245
957,51107611207,2119
958,51107611208,278
959,51107611209,543
960,51107611300,1143
961,51107611400,212
962,51107611501,7451
963,51107611502,5817
964,51107611601,6282
965,51107611602,336
966,51107611701,995
967,51107611702,6619
968,51107611803,631
969,51107611804,2789
970,51107611805,277
971,51107611807,1687
972,51107611808,600
973,51107611809,354
974,51107611810,423
975,51107611811,1145
976,51107611812,2427
977,51107611813,1179
978,51107611901,5568
979,51107611902,546
980,51107980100,7638
981,51109950101,220
982,51109950102,1622
983,51109950201,2222
984,51109950202,1320
985,51109950301,2868
986,51109950302,726
987,51109950303,114
988,51109950400,360
989,51109950500,521
990,51111930100,1582
991,51111930200,410
992,51111930300,138
993,51113930101,540
994,51113930102,309
995,51113930201,1954
996,51113930202,295
997,51115951301,159
998,51115951302,263
999,51115951401,107
1000,51115951402,802
1001,51117930101,1155
1002,51117930103,125
1003,51117930104,231
1004,51117930201,1491
1005,51117930202,1764
1006,51117930300,364
1007,51117930401,475
1008,51117930402,453
1009,51117930500,144
1010,51117930600,1965
1011,51117930700,312
1012,51117930800,715
1013,51119950900,112
1014,51119951000,1820
1015,51119951100,413
1016,51119951200,474
1017,51121020100,7823
1018,51121020201,410
1019,51121020202,1374
1020,51121020301,1921
1021,51121020302,102
1022,51121020401,983
1023,51121020402,517
1024,51121020500,773
1025,51121020600,355
1026,51121020701,4627
1027,51121020702,2431
1028,51121020801,2831
1029,51121020802,762
1030,51121020900,4303
1031,51121021000,471
1032,51121021101,1089
1033,51121021102,2595
1034,51121021201,148
1035,51121021202,150
1036,51121021300,452
1037,51121021400,970
1038,51121021501,1655
1039,51121021502,236
1040,51125950101,139
1041,51125950102,889
1042,51125950201,614
1043,51125950202,627
1044,51125950300,1306
1045,51127700100,970
1046,51127700200,556
1047,51127700301,1165
1048,51127700302,2022
1049,51131930100,1460
1050,51131930200,950
1051,51131930301,817
1052,51131930302,455
1053,51133020100,820
1054,51133020200,361
1055,51133020301,300
1056,51133020302,452
1057,51135000101,748
1058,51135000102,1107
1059,51135000200,642
1060,51135000300,2245
1061,51135980100,226
1062,51137110104,139
1063,51137110105,671
1064,51137110106,604
1065,51137110107,461
1066,51137110108,1335
1067,51137110200,3225
1068,51137110301,2094
1069,51137110302,540
1070,51139030100,642
1071,51139030200,2407
1072,51139030300,772
1073,51139030401,279
1074,51139030402,377
1075,51139030500,418
1076,51141030101,308
1077,51141030102,1037
1078,51141030201,98
1079,51141030202,830
1080,51141030301,1036
1081,51141030302,364
1082,51143010100,301
1083,51143010200,353
1084,51143010301,13
1085,51143010302,442
1086,51143010400,140
1087,51143010500,4439
1088,51143010600,835
1089,51143010700,146
1090,51143010801,123
1091,51143010803,270
1092,51143010804,137
1093,51143010900,1001
1094,51143011001,330
1095,51143011002,108
1096,51143011100,139
1097,51143011200,281
1098,51143011301,633
1099,51143011302,85
1100,51143011400,1423
1101,51145500101,1827
1102,51145500102,2042
1103,51145500201,1006
1104,51145500202,900
1105,51145500300,382
1106,51145500400,1069
1107,51147930101,2167
1108,51147930102,837
1109,51147930202,453
1110,51147930204,3821
1111,51147930301,145
1112,51147930302,448
1113,51149850100,1193
1114,51149850200,1561
1115,51149850301,2475
1116,51149850302,360
1117,51149850400,500
1118,51149850501,1003
1119,51149850502,2456
1120,51153900100,580
1121,51153900201,733
1122,51153900202,711
1123,51153900203,228
1124,51153900301,1235
1125,51153900302,1172
1126,51153900403,10901
1127,51153900404,448
1128,51153900407,137
1129,51153900408,38
1130,51153900409,132
1131,51153900410,281
1132,51153900502,2130
1133,51153900503,2105
1134,51153900504,996
1135,51153900601,906
1136,51153900602,502
1137,51153900701,888
1138,51153900702,1049
1139,51153900801,332
1140,51153900803,185
1141,51153900804,263
1142,51153900901,1122
1143,51153900904,805
1144,51153900905,213
1145,51153901005,378
1146,51153901009,228
1147,51153901010,481
1148,51153901011,132
1149,51153901012,746
1150,51153901013,1376
1151,51153901014,12641
1152,51153901015,238
1153,51153901016,219
1154,51153901101,758
1155,51153901102,1117
1156,51153901203,847
1157,51153901208,693
1158,51153901209,1195
1159,51153901211,984
1160,51153901212,1036
1161,51153901219,840
1162,51153901221,931
1163,51153901222,38
1164,51153901223,384
1165,51153901224,283
1166,51153901225,601
1167,51153901226,655
1168,51153901227,129
1169,51153901228,356
1170,51153901229,68
1171,51153901230,107
1172,51153901231,1509
1173,51153901232,1094
1174,51153901233,573
1175,51153901234,582
1176,51153901235,294
1177,51153901236,4134
1178,51153901237,140
1179,51153901303,219
1180,51153901304,264
1181,51153901305,511
1182,51153901306,1404
1183,51153901403,3716
1184,51153901407,3507
1185,51153901409,12576
1186,51153901411,1843
1187,51153901412,363
1188,51153901413,103
1189,51153901414,102
1190,51153901415,439
1191,51153901416,705
1192,51153901417,388
1193,51153901418,1446
1194,51153901419,68
1195,51153901420,1644
1196,51153901421,7602
1197,51153901503,2322
1198,51153901504,1394
1199,51153901505,412
1200,51153901506,143
1201,51153901507,1660
1202,51153901508,1132
1203,51153901509,986
1204,51153901510,482
1205,51153901511,499
1206,51153901601,499
1207,51153901602,4478
1208,51153901702,105
1209,51153901703,251
1210,51153901704,1065
1211,51153901900,1088
1212,51153980100,113
1213,51155210101,1928
1214,51155210102,402
1215,51155210201,1702
1216,51155210202,5023
1217,51155210300,1090
1218,51155210401,525
1219,51155210402,97
1220,51155210500,79
1221,51155210600,1382
1222,51155210700,535
1223,51155980200,81
1224,51157950100,726
1225,51157950200,661
1226,51159040100,1833
1227,51159040200,625
1228,51161030100,692
1229,51161030201,3810
1230,51161030203,4463
1231,51161030205,3115
1232,51161030206,1598
1233,51161030207,1452
1234,51161030300,3145
1235,51161030501,541
1236,51161030502,114
1237,51161030601,510
1238,51161030602,93
1239,51161030701,1106
1240,51161030702,2001
1241,51161030802,822
1242,51161030803,4473
1243,51161030804,489
1244,51161030900,2474
1245,51161031000,203
1246,51161031101,2012
1247,51161031102,630
1248,51161031201,448
1249,51161031202,2162
1250,51163930101,1699
1251,51163930102,788
1252,51163930200,506
1253,51163930301,676
1254,51163930302,549
1255,51163930400,1172
1256,51165010100,2225
1257,51165010200,728
1258,51165010301,542
1259,51165010302,152
1260,51165010400,216
1261,51165010500,813
1262,51165010600,1694
1263,51165010700,446
1264,51165010801,922
1265,51165010802,1540
1266,51165010900,336
1267,51165011000,89
1268,51165011100,570
1269,51165011200,632
1270,51165011400,1448
1271,51165011500,3853
1272,51165011600,4527
1273,51165011700,4771
1274,51165011801,242
1275,51165011802,881
1276,51165011900,1826
1277,51165012000,575
1278,51167030100,414
1279,51167030201,80
1280,51167030202,1210
1281,51167030300,238
1282,51167030402,350
1283,51167030403,1536
1284,51167030404,1514
1285,51167030500,138
1286,51167030600,254
1287,51169030100,1310
1288,51169030200,1307
1289,51169030300,131
1290,51169030400,68
1291,51169030500,72
1292,51169030600,613
1293,51171040101,141
1294,51171040102,1407
1295,51171040201,274
1296,51171040202,192
1297,51171040300,409
1298,51171040400,120
1299,51171040501,4206
1300,51171040502,865
1301,51171040600,1455
1302,51171040700,1876
1303,51171040800,1184
1304,51173030100,1019
1305,51173030200,410
1306,51173030301,708
1307,51173030302,1339
1308,51173030400,1032
1309,51173030500,2777
1310,51173030600,1603
1311,51173030701,1448
1312,51173030702,104
1313,51175200100,302
1314,51175200200,134
1315,51175200300,442
1316,51175200401,756
1317,51175200402,1220
1318,51175200500,168
1319,51177020104,637
1320,51177020105,379
1321,51177020106,2250
1322,51177020107,441
1323,51177020108,2576
1324,51177020109,1180
1325,51177020110,111
1326,51177020111,68
1327,51177020112,53
1328,51177020113,250
1329,51177020114,313
1330,51177020201,1769
1331,51177020202,3850
1332,51177020203,314
1333,51177020204,2717
1334,51177020206,1838
1335,51177020207,141
1336,51177020304,2391
1337,51177020305,2503
1338,51177020307,286
1339,51177020308,160
1340,51177020309,4162
1341,51177020311,2002
1342,51177020312,631
1343,51177020313,2412
1344,51177020314,330
1345,51177020315,663
1346,51177020316,436
1347,51177020403,128
1348,51177020404,238
1349,51177020405,149
1350,51177020406,144
1351,51177020407,389
1352,51177020408,37
1353,51179010103,813
1354,51179010105,4773
1355,51179010106,1919
1356,51179010107,124
1357,51179010108,203
1358,51179010201,1754
1359,51179010202,432
1360,51179010205,573
1361,51179010206,1459
1362,51179010210,587
1363,51179010211,649
1364,51179010212,1699
1365,51179010213,62
1366,51179010214,301
1367,51179010215,733
1368,51179010216,2369
1369,51179010217,371
1370,51179010218,1650
1371,51179010219,211
1372,51179010301,254
1373,51179010304,3260
1374,51179010305,2453
1375,51179010306,404
1376,51179010307,7151
1377,51179010308,138
1378,51179010403,201
1379,51179010404,537
1380,51179010405,412
1381,51179010406,1795
1382,51179010502,860
1383,51179010503,273
1384,51179010504,103
1385,51181860100,1534
1386,51181860200,558
1387,51183870100,462
1388,51183870201,975
1389,51183870300,1082
1390,51183870400,493
1391,51185020100,270
1392,51185020200,1007
1393,51185020301,451
1394,51185020302,209
1395,51185020400,796
1396,51185020500,99
1397,51185020600,1790
1398,51185020700,838
1399,51185020800,146
1400,51185020900,1115
1401,51185021000,1623
1402,51185021101,1940
1403,51185021102,1228
1404,51187020101,190
1405,51187020102,66
1406,51187020200,3722
1407,51187020300,521
1408,51187020400,1262
1409,51187020500,3662
1410,51187020601,1516
1411,51187020602,275
1412,51187020700,414
1413,51191010101,1628
1414,51191010102,125
1415,51191010200,693
1416,51191010301,292
1417,51191010302,134
1418,51191010401,170
1419,51191010402,1385
1420,51191010501,2859
1421,51191010502,3732
1422,51191010601,1463
1423,51191010602,1473
1424,51191010700,1302
1425,51191010800,35
1426,51191010900,480
1427,51191011000,653
1428,51193010101,53
1429,51193010102,405
1430,51193010200,1316
1431,51193010300,262
1432,51193010401,255
1433,51193010402,551
1434,51195930700,524
1435,51195930800,227
1436,51195930900,3111
1437,51195931000,292
1438,51195931100,164
1439,51195931200,2072
1440,51195931300,405
1441,51195931400,2033
1442,51195931500,400
1443,51195931600,469
1444,51195931700,437
1445,51197050101,3024
1446,51197050102,350
1447,51197050201,2738
1448,51197050202,1172
1449,51197050301,2055
1450,51197050302,101
1451,51197050401,303
1452,51197050402,443
1453,51199050203,787
1454,51199050205,524
1455,51199050206,205
1456,51199050207,28
1457,51199050208,219
1458,51199050303,3393
1459,51199050304,499
1460,51199050305,2531
1461,51199050306,1252
1462,51199050401,2320
1463,51199050402,172
1464,51199050500,648
1465,51199050900,1631
1466,51199051000,4457
1467,51199051100,1352
1468,51510200102,3121
1469,51510200104,2407
1470,51510200105,95
1471,51510200106,1335
1472,51510200108,407
1473,51510200109,55
1474,51510200110,1087
1475,51510200111,114
1476,51510200201,1322
1477,51510200202,1455
1478,51510200301,138
1479,51510200302,85
1480,51510200304,75
1481,51510200305,440
1482,51510200403,2347
1483,51510200404,272
1484,51510200406,937
1485,51510200407,147
1486,51510200408,785
1487,51510200409,1368
1488,51510200500,453
1489,51510200600,2429
1490,51510200701,1475
1491,51510200703,737
1492,51510200704,1650
1493,51510200705,9760
1494,51510200801,253
1495,51510200802,837
1496,51510200900,1000
1497,51510201000,389
1498,51510201100,144
1499,51510201202,99
1500,51510201204,575
1501,51510201205,478
1502,51510201206,519
1503,51510201300,1161
1504,51510201400,664
1505,51510201500,586
1506,51510201601,673
1507,51510201602,527
1508,51510201802,1490
1509,51510201803,514
1510,51510201804,1160
1511,51510201805,5165
1512,51510201900,9271
1513,51510202001,626
1514,51510202002,259
1515,51520020100,1136
1516,51520020201,1933
1517,51520020202,452
1518,51520020300,425
1519,51520020400,2485
1520,51530930601,1046
1521,51530930602,1002
1522,51540000201,1198
1523,51540000202,1732
1524,51540000302,2339
1525,51540000401,567
1526,51540000402,1726
1527,51540000501,186
1528,51540000502,524
1529,51540000600,8851
1530,51540000700,3123
1531,51540000800,2353
1532,51540000900,498
1533,51540001000,13419
1534,51550020001,303
1535,51550020002,496
1536,51550020003,808
1537,51550020100,373
1538,51550020200,636
1539,51550020300,2531
1540,51550020400,146
1541,51550020500,1624
1542,51550020600,395
1543,51550020700,2357
1544,51550020804,3027
1545,51550020805,21313
1546,51550020808,186
1547,51550020809,8511
1548,51550020810,968
1549,51550020811,523
1550,51550020812,1416
1551,51550020813,1186
1552,51550020814,620
1553,51550020903,846
1554,51550020905,1568
1555,51550020907,419
1556,51550020908,83
1557,51550020909,261
1558,51550020910,147
1559,51550020911,8103
1560,51550020912,2380
1561,51550021004,2327
1562,51550021005,4895
1563,51550021009,712
1564,51550021010,991
1565,51550021011,193
1566,51550021012,607
1567,51550021013,197
1568,51550021014,697
1569,51550021015,54
1570,51550021016,673
1571,51550021101,1096
1572,51550021103,487
1573,51550021104,622
1574,51550021200,1149
1575,51550021301,534
1576,51550021303,184
1577,51550021304,45
1578,51550021305,108
1579,51550021306,91
1580,51550021401,737
1581,51550021402,816
1582,51550021403,904
1583,51550021405,251
1584,51550021406,46
1585,51550021407,5423
1586,51550021503,199
1587,51550021504,805
1588,51550021505,3490
1589,51550021506,51
1590,51550021507,398
1591,51550021602,2624
1592,51550021603,127
1593,51550021604,44
1594,51550021605,412
1595,51570830100,4534
1596,51570830200,1562
1597,51570830300,298
1598,51570830400,1251
1599,51570830500,1104
1600,51580060100,1851
1601,51580060200,1304
1602,51590000100,812
1603,51590000200,2076
1604,51590000300,176
1605,51590000400,600
1606,51590000500,2703
1607,51590000600,636
1608,51590000700,3401
1609,51590000800,4834
1610,51590000900,439
1611,51590001000,529
1612,51590001100,161
1613,51590001200,2350
1614,51590001301,1778
1615,51590001302,82
1616,51590001400,359
1617,51590980100,243
1618,51595890100,1578
1619,51595890200,1838
1620,51600300100,3993
1621,51600300200,6042
1622,51600300300,3569
1623,51600300400,4145
1624,51600300500,2509
1625,51610500100,3393
1626,51610500200,3156
1627,51610500300,1697
1628,51620090100,2784
1629,51620090200,910
1630,51630000100,3767
1631,51630000201,5806
1632,51630000202,1544
1633,51630000301,811
1634,51630000302,1780
1635,51630000400,1065
1636,51630000500,7094
1637,51640070101,2927
1638,51640070102,2010
1639,51650010103,245
1640,51650010104,435
1641,51650010200,1815
1642,51650010304,4076
1643,51650010306,275
1644,51650010307,321
1645,51650010309,811
1646,51650010310,579
1647,51650010311,1106
1648,51650010312,146
1649,51650010314,6051
1650,51650010315,4463
1651,51650010316,1986
1652,51650010400,2083
1653,51650010502,2234
1654,51650010503,3340
1655,51650010504,312
1656,51650010601,4683
1657,51650010602,783
1658,51650010701,300
1659,51650010702,107
1660,51650010703,459
1661,51650010800,431
1662,51650010900,287
1663,51650011001,78
1664,51650011002,183
1665,51650011100,544
1666,51650011200,88
1667,51650011300,447
1668,51650011400,3131
1669,51650011500,995
1670,51650011600,240
1671,51650011800,559
1672,51650011900,442
1673,51650012000,139
1674,51650012100,209
1675,51660000101,1012
1676,51660000102,1327
1677,51660000203,3761
1678,51660000204,4168
1679,51660000205,4961
1680,51660000206,572
1681,51660000207,1013
1682,51660000301,784
1683,51660000302,7741
1684,51660000401,1792
1685,51660000402,3469
1686,51670820100,128
1687,51670820300,3104
1688,51670820400,91
1689,51670820500,139
1690,51670820600,1414
1691,51670820700,582
1692,51670980100,1801
1693,51678930501,2357
1694,51678980000,2856
1695,51680000100,1137
1696,51680000201,3831
1697,51680000203,636
1698,51680000204,1649
1699,51680000205,2050
1700,51680000300,5624
1701,51680000400,922
1702,51680000500,4966
1703,51680000600,1276
1704,51680000700,1870
1705,51680000801,773
1706,51680000802,289
1707,51680000901,1631
1708,51680000902,923
1709,51680001000,992
1710,51680001100,393
1711,51680001400,4473
1712,51680001601,3668
1713,51680001602,809
1714,51680001603,305
1715,51680001700,2551
1716,51680001800,3721
1717,51680001900,2178
1718,51683910100,4951
1719,51683910201,2633
1720,51683910202,2033
1721,51683910301,3318
1722,51683910302,1505
1723,51683910401,1130
1724,51683910402,3624
1725,51685920100,292
1726,51685920201,2285
1727,51685920202,1214
1728,51690000100,1694
1729,51690000200,1641
1730,51690000300,3522
1731,51690000400,569
1732,51690000500,542
1733,51700030100,2801
1734,51700030300,423
1735,51700030400,604
1736,51700030500,239
1737,51700030600,251
1738,51700030800,1111
1739,51700030900,396
1740,51700031100,22331
1741,51700031200,251
1742,51700031300,140
1743,51700031400,3471
1744,51700031500,6662
1745,51700031602,2150
1746,51700031603,101
1747,51700031604,159
1748,51700031701,4560
1749,51700031702,2688
1750,51700031800,193
1751,51700031901,207
1752,51700031902,891
1753,51700032001,127
1754,51700032002,221
1755,51700032005,50
1756,51700032006,285
1757,51700032007,157
1758,51700032113,7617
1759,51700032114,2128
1760,51700032117,573
1761,51700032123,705
1762,51700032124,670
1763,51700032126,1999
1764,51700032128,19111
1765,51700032129,368
1766,51700032130,382
1767,51700032131,39
1768,51700032132,740
1769,51700032133,1811
1770,51700032134,313
1771,51700032211,171
1772,51700032212,524
1773,51700032223,73
1774,51700032225,552
1775,51700032226,311
1776,51700032227,488
1777,51700032228,107
1778,51700032300,936
1779,51700032400,2577
1780,51710000100,64
1781,51710000201,105
1782,51710000202,61
1783,51710000300,520
1784,51710000400,419
1785,51710000500,75
1786,51710000600,54
1787,51710000700,197
1788,51710000800,70
1789,51710000901,381
1790,51710000902,2986
1791,51710001100,147
1792,51710001200,1339
1793,51710001300,143
1794,51710001400,687
1795,51710001500,468
1796,51710001600,202
1797,51710001700,1119
1798,51710002000,143
1799,51710002100,163
1800,51710002200,234
1801,51710002300,1512
1802,51710002400,70
1803,51710002500,3123
1804,51710002600,1755
1805,51710002700,879
1806,51710002800,624
1807,51710002900,1232
1808,51710003000,150
1809,51710003100,786
1810,51710003200,67
1811,51710003300,399
1812,51710003400,67
1813,51710003501,1095
1814,51710003600,2588
1815,51710003700,1686
1816,51710003800,716
1817,51710004001,195
1818,51710004002,10535
1819,51710004100,46
1820,51710004200,759
1821,51710004300,270
1822,51710004400,48
1823,51710004500,136
1824,51710004600,92
1825,51710004700,1939
1826,51710004800,6716
1827,51710004900,11332
1828,51710005000,3024
1829,51710005100,793
1830,51710005500,145
1831,51710005601,202
1832,51710005602,648
1833,51710005701,2650
1834,51710005702,287
1835,51710005800,434
1836,51710005901,322
1837,51710005902,748
1838,51710005903,6591
1839,51710006000,274
1840,51710006100,1593
1841,51710006200,2787
1842,51710006400,1068
1843,51710006501,115
1844,51710006502,244
1845,51710006601,229
1846,51710006602,388
1847,51710006603,553
1848,51710006604,233
1849,51710006605,631
1850,51710006606,771
1851,51710006607,563
1852,51710006800,1349
1853,51710006901,11700
1854,51710006902,828
1855,51710007001,2455
1856,51710007002,2892
1857,51710980200,5620
1858,51710980300,2530
1859,51720960100,2891
1860,51730810100,766
1861,51730810300,505
1862,51730810400,235
1863,51730810500,86
1864,51730810600,110
1865,51730810700,245
1866,51730810900,584
1867,51730811000,1173
1868,51730811100,1288
1869,51730811200,3859
1870,51730811300,2472
1871,51735340100,192
1872,51735340200,1540
1873,51735340300,70
1874,51740210200,1458
1875,51740210300,1863
1876,51740210400,64
1877,51740210500,1010
1878,51740210600,60
1879,51740210900,5821
1880,51740211100,824
1881,51740211400,500
1882,51740211500,2170
1883,51740211600,752
1884,51740211700,219
1885,51740211800,94
1886,51740211900,148
1887,51740212000,73
1888,51740212100,1781
1889,51740212300,411
1890,51740212400,715
1891,51740212500,463
1892,51740212600,789
1893,51740212701,1594
1894,51740212702,70
1895,51740212801,1427
1896,51740212802,624
1897,51740212900,417
1898,51740213001,2000
1899,51740213002,491
1900,51740213101,1307
1901,51740213103,102
1902,51740213104,45
1903,51740213200,2108
1904,51740980100,415
1905,51750010101,1028
1906,51750010102,336
1907,51750010201,3896
1908,51750010202,1368
1909,51760010201,477
1910,51760010202,1162
1911,51760010300,104
1912,51760010401,332
1913,51760010402,522
1914,51760010500,29
1915,51760010600,616
1916,51760010700,222
1917,51760010800,85
1918,51760010900,709
1919,51760011000,86
1920,51760011100,2524
1921,51760020100,112
1922,51760020200,89
1923,51760020300,624
1924,51760020400,646
1925,51760020501,1472
1926,51760020502,1012
1927,51760020600,393
1928,51760020700,117
1929,51760020800,178
1930,51760020900,108
1931,51760021000,77
1932,51760021100,358
1933,51760021200,203
1934,51760030100,242
1935,51760030200,20835
1936,51760030501,4184
1937,51760030502,29225
1938,51760040201,335
1939,51760040202,13137
1940,51760040300,7673
1941,51760040400,443
1942,51760040500,838
1943,51760040600,262
1944,51760040700,950
1945,51760040800,1635
1946,51760040900,1633
1947,51760041000,404
1948,51760041100,1933
1949,51760041200,33
1950,51760041300,2320
1951,51760041400,448
1952,51760041600,98
1953,51760050100,3195
1954,51760050200,1174
1955,51760050300,221
1956,51760050400,1636
1957,51760050500,3566
1958,51760050600,227
1959,51760060200,625
1960,51760060400,693
1961,51760060501,89
1962,51760060502,319
1963,51760060600,334
1964,51760060700,2241
1965,51760060800,3374
1966,51760060900,1551
1967,51760061001,893
1968,51760061002,4936
1969,51760070100,3749
1970,51760070300,1231
1971,51760070400,1796
1972,51760070601,1545
1973,51760070602,1673
1974,51760070700,557
1975,51760070802,165
1976,51760070803,196
1977,51760070804,81
1978,51760070901,645
1979,51760070902,5880
1980,51760071002,561
1981,51760071003,169
1982,51760071004,5602
1983,51760071100,380
1984,51770000100,491
1985,51770000300,8296
1986,51770000400,1024
1987,51770000500,2047
1988,51770000601,4407
1989,51770000602,3019
1990,51770000900,2009
1991,51770001000,1337
1992,51770001100,12182
1993,51770001200,10522
1994,51770001800,631
1995,51770001900,854
1996,51770002100,1683
1997,51770002200,429
1998,51770002301,2282
1999,51770002302,443
2000,51770002400,77
2001,51770002501,689
2002,51770002502,3327
2003,51770002600,286
2004,51770002700,1094
2005,51770002800,918
2006,51770002900,3023
2007,51770003000,2723
2008,51770003100,210
2009,51775010100,2809
2010,51775010200,3017
2011,51775010300,10552
2012,51775010501,3949
2013,51775010502,572
2014,51790000100,1805
2015,51790000200,580
2016,51790000300,595
2017,51790000401,335
2018,51790000402,1048
2019,51790000500,2097
2020,51790000600,4432
2021,51800065100,508
2022,51800065200,3083
2023,51800065301,652
2024,51800065302,2316
2025,51800065401,564
2026,51800065402,367
2027,51800065500,218
2028,51800075103,1509
2029,51800075104,1438
2030,51800075105,2335
2031,51800075106,1681
2032,51800075202,60
2033,51800075203,514
2034,51800075205,516
2035,51800075206,197
2036,51800075207,238
2037,51800075208,91
2038,51800075301,307
2039,51800075302,434
2040,51800075401,2640
2041,51800075402,1993
2042,51800075404,286
2043,51800075405,195
2044,51800075406,562
2045,51800075407,363
2046,51800075502,2667
2047,51800075503,62
2048,51800075504,317
2049,51800075601,86
2050,51800075602,87
2051,51800075701,442
2052,51800075702,1902
2053,51800075703,156
2054,51800075801,153
2055,51800075802,38
2056,51800075803,69
2057,51810040000,442
2058,51810040200,5224
2059,51810040403,224
2060,51810040404,670
2061,51810040405,325
2062,51810040406,331
2063,51810040600,5227
2064,51810040801,982
2065,51810040802,119
2066,51810041002,2883
2067,51810041003,1977
2068,51810041004,1822
2069,51810041200,1240
2070,51810041400,1289
2071,51810041600,2053
2072,51810041801,931
2073,51810041803,231
2074,51810041804,404
2075,51810042000,158
2076,51810042201,143
2077,51810042202,1179
2078,51810042400,1677
2079,51810042600,5457
2080,51810042801,517
2081,51810042802,1657
2082,51810043002,452
2083,51810043004,565
2084,51810043005,803
2085,51810043006,1376
2086,51810043200,147
2087,51810043400,163
2088,51810043600,137
2089,51810043800,2668
2090,51810044004,2841
2091,51810044005,210
2092,51810044006,439
2093,51810044007,780
2094,51810044008,1259
2095,51810044201,938
2096,51810044202,622
2097,51810044401,311
2098,51810044402,1549
2099,51810044600,4870
2100,51810044805,1929
2101,51810044806,966
2102,51810044807,1940
2103,51810044808,917
2104,51810045000,486
2105,51810045200,690
2106,51810045405,503
2107,51810045407,17956
2108,51810045408,2396
2109,51810045412,330
2110,51810045414,598
2111,51810045415,30
2112,51810045420,2013
2113,51810045421,607
2114,51810045422,1312
2115,51810045424,1238
2116,51810045425,150
2117,51810045426,409
2118,51810045427,162
2119,51810045428,596
2120,51810045429,1951
2121,51810045430,295
2122,51810045431,681
2123,51810045432,854
2124,51810045433,19156
2125,51810045434,475
2126,51810045601,774
2127,51810045603,5434
2128,51810045605,2611
2129,51810045606,943
2130,51810045801,2917
2131,51810045803,1796
2132,51810045805,17
2133,51810045806,427
2134,51810045807,155
2135,51810045808,65
2136,51810045809,708
2137,51810045810,193
2138,51810046002,951
2139,51810046006,411
2140,51810046009,4005
2141,51810046010,669
2142,51810046011,1146
2143,51810046013,640
2144,51810046014,1438
2145,51810046015,2816
2146,51810046016,221
2147,51810046017,231
2148,51810046018,317
2149,51810046019,1355
2150,51810046020,1235
2151,51810046204,1327
2152,51810046206,2111
2153,51810046207,5028
2154,51810046211,399
2155,51810046212,122
2156,51810046213,500
2157,51810046214,140
2158,51810046216,401
2159,51810046217,154
2160,51810046219,275
2161,51810046220,1348
2162,51810046221,596
2163,51810046222,561
2164,51810046223,274
2165,51810046224,56
2166,51810046225,155
2167,51810046400,928
2168,51820003100,2476
2169,51820003200,3017
2170,51820003300,721
2171,51820003400,1006
2172,51820003500,2198
2173,51830370100,4197
2174,51830370200,662
2175,51830370300,5958
2176,51840000101,790
2177,51840000102,2224
2178,51840000201,6392
2179,51840000202,4200
2180,51840000301,2349
2181,51840000302,5671
