Unnamed: 0,w_tract,h_tract,workers,w_county,h_county,HomeX,HomeY,w_point,GEOIDHome,X,Y,WorkX,WorkY
2,51036600100,51036600300,16,Charles City,Charles City,-76.97673227,37.33100999,POINT (-77.19172130016469 37.384721328220856),51036600300,-77.19172130016469,37.384721328220856,-77.1917213,37.38472133
1,51036600100,51036600200,36,Charles City,Charles City,-77.1088509,37.38383884,POINT (-77.19172130016469 37.384721328220856),51036600200,-77.19172130016469,37.384721328220856,-77.1917213,37.38472133
0,51036600100,51036600100,62,Charles City,Charles City,-77.1917213,37.38472133,POINT (-77.19172130016469 37.384721328220856),51036600100,-77.19172130016469,37.384721328220856,-77.1917213,37.38472133
5,51036600200,51036600300,16,Charles City,Charles City,-76.97673227,37.33100999,POINT (-77.10885089608244 37.38383883655814),51036600300,-77.10885089608244,37.38383883655814,-77.1088509,37.38383884
4,51036600200,51036600200,66,Charles City,Charles City,-77.1088509,37.38383884,POINT (-77.10885089608244 37.38383883655814),51036600200,-77.10885089608244,37.38383883655814,-77.1088509,37.38383884
3,51036600200,51036600100,9,Charles City,Charles City,-77.1917213,37.38472133,POINT (-77.10885089608244 37.38383883655814),51036600100,-77.10885089608244,37.38383883655814,-77.1088509,37.38383884
8,51036600300,51036600300,113,Charles City,Charles City,-76.97673227,37.33100999,POINT (-76.97673226901811 37.33100999379624),51036600300,-76.97673226901811,37.33100999379624,-76.97673227,37.33100999
7,51036600300,51036600200,68,Charles City,Charles City,-77.1088509,37.38383884,POINT (-76.97673226901811 37.33100999379624),51036600200,-76.97673226901811,37.33100999379624,-76.97673227,37.33100999
6,51036600300,51036600100,35,Charles City,Charles City,-77.1917213,37.38472133,POINT (-76.97673226901811 37.33100999379624),51036600100,-76.97673226901811,37.33100999379624,-76.97673227,37.33100999
11,51041100107,51036600300,3,Chesterfield,Charles City,-76.97673227,37.33100999,POINT (-77.53518916791029 37.50805197166218),51036600300,-77.53518916791029,37.50805197166218,-77.53518917,37.50805197
10,51041100107,51036600200,2,Chesterfield,Charles City,-77.1088509,37.38383884,POINT (-77.53518916791029 37.50805197166218),51036600200,-77.53518916791029,37.50805197166218,-77.53518917,37.50805197
9,51041100107,51036600100,2,Chesterfield,Charles City,-77.1917213,37.38472133,POINT (-77.53518916791029 37.50805197166218),51036600100,-77.53518916791029,37.50805197166218,-77.53518917,37.50805197
13,51041100206,51036600300,1,Chesterfield,Charles City,-76.97673227,37.33100999,POINT (-77.53349070131567 37.454772729920776),51036600300,-77.53349070131567,37.454772729920776,-77.5334907,37.45477273
12,51041100206,51036600100,1,Chesterfield,Charles City,-77.1917213,37.38472133,POINT (-77.53349070131567 37.454772729920776),51036600100,-77.53349070131567,37.454772729920776,-77.5334907,37.45477273
16,51041100209,51036600300,1,Chesterfield,Charles City,-76.97673227,37.33100999,POINT (-77.5438314050911 37.47720253677969),51036600300,-77.5438314050911,37.47720253677969,-77.54383141,37.47720254
15,51041100209,51036600200,1,Chesterfield,Charles City,-77.1088509,37.38383884,POINT (-77.5438314050911 37.47720253677969),51036600200,-77.5438314050911,37.47720253677969,-77.54383141,37.47720254
14,51041100209,51036600100,3,Chesterfield,Charles City,-77.1917213,37.38472133,POINT (-77.5438314050911 37.47720253677969),51036600100,-77.5438314050911,37.47720253677969,-77.54383141,37.47720254
17,51041100210,51036600200,1,Chesterfield,Charles City,-77.1088509,37.38383884,POINT (-77.52627644697338 37.48826539232156),51036600200,-77.52627644697338,37.48826539232156,-77.52627645,37.48826539
18,51041100211,51036600100,5,Chesterfield,Charles City,-77.1917213,37.38472133,POINT (-77.51523351543344 37.468847449319576),51036600100,-77.51523351543344,37.468847449319576,-77.51523352,37.46884745
19,51041100212,51036600100,2,Chesterfield,Charles City,-77.1917213,37.38472133,POINT (-77.51523351543344 37.468847449319576),51036600100,-77.51523351543344,37.468847449319576,-77.51523352,37.46884745
22,51041100300,51036600300,2,Chesterfield,Charles City,-76.97673227,37.33100999,POINT (-77.44072056964792 37.45041860738069),51036600300,-77.44072056964792,37.45041860738069,-77.44072057,37.45041861
21,51041100300,51036600200,10,Chesterfield,Charles City,-77.1088509,37.38383884,POINT (-77.44072056964792 37.45041860738069),51036600200,-77.44072056964792,37.45041860738069,-77.44072057,37.45041861
20,51041100300,51036600100,13,Chesterfield,Charles City,-77.1917213,37.38472133,POINT (-77.44072056964792 37.45041860738069),51036600100,-77.44072056964792,37.45041860738069,-77.44072057,37.45041861
25,51041100403,51036600300,14,Chesterfield,Charles City,-76.97673227,37.33100999,POINT (-77.34009922724667 37.36551725826562),51036600300,-77.34009922724667,37.36551725826562,-77.34009923,37.36551726
24,51041100403,51036600200,29,Chesterfield,Charles City,-77.1088509,37.38383884,POINT (-77.34009922724667 37.36551725826562),51036600200,-77.34009922724667,37.36551725826562,-77.34009923,37.36551726
23,51041100403,51036600100,47,Chesterfield,Charles City,-77.1917213,37.38472133,POINT (-77.34009922724667 37.36551725826562),51036600100,-77.34009922724667,37.36551725826562,-77.34009923,37.36551726
27,51041100404,51036600200,1,Chesterfield,Charles City,-77.1088509,37.38383884,POINT (-77.43318581777909 37.42339500150704),51036600200,-77.43318581777909,37.42339500150704,-77.43318582,37.423395
26,51041100404,51036600100,2,Chesterfield,Charles City,-77.1917213,37.38472133,POINT (-77.43318581777909 37.42339500150704),51036600100,-77.43318581777909,37.42339500150704,-77.43318582,37.423395
28,51041100407,51036600100,3,Chesterfield,Charles City,-77.1917213,37.38472133,POINT (-77.4351949532214 37.39367917797749),51036600100,-77.4351949532214,37.39367917797749,-77.43519495,37.39367918
31,51041100409,51036600300,1,Chesterfield,Charles City,-76.97673227,37.33100999,POINT (-77.42961382044136 37.36968180266313),51036600300,-77.42961382044136,37.36968180266313,-77.42961382,37.3696818
30,51041100409,51036600200,6,Chesterfield,Charles City,-77.1088509,37.38383884,POINT (-77.42961382044136 37.36968180266313),51036600200,-77.42961382044136,37.36968180266313,-77.42961382,37.3696818
29,51041100409,51036600100,10,Chesterfield,Charles City,-77.1917213,37.38472133,POINT (-77.42961382044136 37.36968180266313),51036600100,-77.42961382044136,37.36968180266313,-77.42961382,37.3696818
33,51041100505,51036600200,2,Chesterfield,Charles City,-77.1088509,37.38383884,POINT (-77.43662449012265 37.34661541127327),51036600200,-77.43662449012265,37.34661541127327,-77.43662449,37.34661541
32,51041100505,51036600100,7,Chesterfield,Charles City,-77.1917213,37.38472133,POINT (-77.43662449012265 37.34661541127327),51036600100,-77.43662449012265,37.34661541127327,-77.43662449,37.34661541
35,51041100506,51036600300,1,Chesterfield,Charles City,-76.97673227,37.33100999,POINT (-77.41415866199233 37.32218427742873),51036600300,-77.41415866199233,37.32218427742873,-77.41415866,37.32218428
34,51041100506,51036600100,5,Chesterfield,Charles City,-77.1917213,37.38472133,POINT (-77.41415866199233 37.32218427742873),51036600100,-77.41415866199233,37.32218427742873,-77.41415866,37.32218428
36,51041100508,51036600300,3,Chesterfield,Charles City,-76.97673227,37.33100999,POINT (-77.41493662984874 37.3012045043138),51036600300,-77.41493662984874,37.3012045043138,-77.41493663,37.3012045
39,51041100509,51036600300,7,Chesterfield,Charles City,-76.97673227,37.33100999,POINT (-77.37201414688512 37.31882739208327),51036600300,-77.37201414688512,37.31882739208327,-77.37201415,37.31882739
38,51041100509,51036600200,10,Chesterfield,Charles City,-77.1088509,37.38383884,POINT (-77.37201414688512 37.31882739208327),51036600200,-77.37201414688512,37.31882739208327,-77.37201415,37.31882739
37,51041100509,51036600100,13,Chesterfield,Charles City,-77.1917213,37.38472133,POINT (-77.37201414688512 37.31882739208327),51036600100,-77.37201414688512,37.31882739208327,-77.37201415,37.31882739
40,51041100510,51036600100,1,Chesterfield,Charles City,-77.1917213,37.38472133,POINT (-77.32318296014314 37.32181581553189),51036600100,-77.32318296014314,37.32181581553189,-77.32318296,37.32181582
42,51041100600,51036600300,1,Chesterfield,Charles City,-76.97673227,37.33100999,POINT (-77.42319043016349 37.24154168502511),51036600300,-77.42319043016349,37.24154168502511,-77.42319043,37.24154169
41,51041100600,51036600100,1,Chesterfield,Charles City,-77.1917213,37.38472133,POINT (-77.42319043016349 37.24154168502511),51036600100,-77.42319043016349,37.24154168502511,-77.42319043,37.24154169
43,51041100704,51036600100,1,Chesterfield,Charles City,-77.1917213,37.38472133,POINT (-77.57949424667369 37.26699697197214),51036600100,-77.57949424667369,37.26699697197214,-77.57949425,37.26699697
44,51041100805,51036600200,1,Chesterfield,Charles City,-77.1088509,37.38383884,POINT (-77.48436880086871 37.43053405403385),51036600200,-77.48436880086871,37.43053405403385,-77.4843688,37.43053405
46,51041100806,51036600300,1,Chesterfield,Charles City,-76.97673227,37.33100999,POINT (-77.46446225660578 37.43376973515494),51036600300,-77.46446225660578,37.43376973515494,-77.46446226,37.43376974
45,51041100806,51036600100,3,Chesterfield,Charles City,-77.1917213,37.38472133,POINT (-77.46446225660578 37.43376973515494),51036600100,-77.46446225660578,37.43376973515494,-77.46446226,37.43376974
47,51041100807,51036600100,1,Chesterfield,Charles City,-77.1917213,37.38472133,POINT (-77.46255030084579 37.420033607655334),51036600100,-77.46255030084579,37.420033607655334,-77.4625503,37.42003361
49,51041100812,51036600300,4,Chesterfield,Charles City,-76.97673227,37.33100999,POINT (-77.57030314108422 37.428858678306874),51036600300,-77.57030314108422,37.428858678306874,-77.57030314,37.42885868
48,51041100812,51036600200,2,Chesterfield,Charles City,-77.1088509,37.38383884,POINT (-77.57030314108422 37.428858678306874),51036600200,-77.57030314108422,37.428858678306874,-77.57030314,37.42885868
50,51041100814,51036600100,1,Chesterfield,Charles City,-77.1917213,37.38472133,POINT (-77.49516003710006 37.4039074531397),51036600100,-77.49516003710006,37.4039074531397,-77.49516004,37.40390745
52,51041100817,51036600200,4,Chesterfield,Charles City,-77.1088509,37.38383884,POINT (-77.49978556060498 37.384631507608866),51036600200,-77.49978556060498,37.384631507608866,-77.49978556,37.38463151
51,51041100817,51036600100,1,Chesterfield,Charles City,-77.1917213,37.38472133,POINT (-77.49978556060498 37.384631507608866),51036600100,-77.49978556060498,37.384631507608866,-77.49978556,37.38463151
54,51041100820,51036600300,2,Chesterfield,Charles City,-76.97673227,37.33100999,POINT (-77.52097119301028 37.41250193558361),51036600300,-77.52097119301028,37.41250193558361,-77.52097119,37.41250194
53,51041100820,51036600200,4,Chesterfield,Charles City,-77.1088509,37.38383884,POINT (-77.52097119301028 37.41250193558361),51036600200,-77.52097119301028,37.41250193558361,-77.52097119,37.41250194
55,51041100821,51036600300,1,Chesterfield,Charles City,-76.97673227,37.33100999,POINT (-77.56965311042661 37.36559953963565),51036600300,-77.56965311042661,37.36559953963565,-77.56965311,37.36559954
58,51041100822,51036600300,3,Chesterfield,Charles City,-76.97673227,37.33100999,POINT (-77.49261723055503 37.33063493444562),51036600300,-77.49261723055503,37.33063493444562,-77.49261723,37.33063493
57,51041100822,51036600200,1,Chesterfield,Charles City,-77.1088509,37.38383884,POINT (-77.49261723055503 37.33063493444562),51036600200,-77.49261723055503,37.33063493444562,-77.49261723,37.33063493
56,51041100822,51036600100,2,Chesterfield,Charles City,-77.1917213,37.38472133,POINT (-77.49261723055503 37.33063493444562),51036600100,-77.49261723055503,37.33063493444562,-77.49261723,37.33063493
59,51041100823,51036600100,2,Chesterfield,Charles City,-77.1917213,37.38472133,POINT (-77.47619773485667 37.36556589407854),51036600100,-77.47619773485667,37.36556589407854,-77.47619773,37.36556589
61,51041100902,51036600300,1,Chesterfield,Charles City,-76.97673227,37.33100999,POINT (-77.56921857693308 37.53045112724897),51036600300,-77.56921857693308,37.53045112724897,-77.56921858,37.53045113
60,51041100902,51036600100,2,Chesterfield,Charles City,-77.1917213,37.38472133,POINT (-77.56921857693308 37.53045112724897),51036600100,-77.56921857693308,37.53045112724897,-77.56921858,37.53045113
62,51041100907,51036600300,2,Chesterfield,Charles City,-76.97673227,37.33100999,POINT (-77.564759934694 37.506741444992635),51036600300,-77.564759934694,37.506741444992635,-77.56475993,37.50674144
63,51041100910,51036600300,1,Chesterfield,Charles City,-76.97673227,37.33100999,POINT (-77.58335283799518 37.47501371277839),51036600300,-77.58335283799518,37.47501371277839,-77.58335284,37.47501371
66,51041100912,51036600300,1,Chesterfield,Charles City,-76.97673227,37.33100999,POINT (-77.65287452622388 37.4355350096998),51036600300,-77.65287452622388,37.4355350096998,-77.65287453,37.43553501
65,51041100912,51036600200,5,Chesterfield,Charles City,-77.1088509,37.38383884,POINT (-77.65287452622388 37.4355350096998),51036600200,-77.65287452622388,37.4355350096998,-77.65287453,37.43553501
64,51041100912,51036600100,4,Chesterfield,Charles City,-77.1917213,37.38472133,POINT (-77.65287452622388 37.4355350096998),51036600100,-77.65287452622388,37.4355350096998,-77.65287453,37.43553501
69,51041100915,51036600300,2,Chesterfield,Charles City,-76.97673227,37.33100999,POINT (-77.63418207142635 37.50948348857848),51036600300,-77.63418207142635,37.50948348857848,-77.63418207,37.50948349
68,51041100915,51036600200,3,Chesterfield,Charles City,-77.1088509,37.38383884,POINT (-77.63418207142635 37.50948348857848),51036600200,-77.63418207142635,37.50948348857848,-77.63418207,37.50948349
67,51041100915,51036600100,3,Chesterfield,Charles City,-77.1917213,37.38472133,POINT (-77.63418207142635 37.50948348857848),51036600100,-77.63418207142635,37.50948348857848,-77.63418207,37.50948349
70,51041100919,51036600100,7,Chesterfield,Charles City,-77.1917213,37.38472133,POINT (-77.61338000513638 37.44792263319918),51036600100,-77.61338000513638,37.44792263319918,-77.61338001,37.44792263
72,51041100920,51036600300,2,Chesterfield,Charles City,-76.97673227,37.33100999,POINT (-77.60239075564184 37.51240009676803),51036600300,-77.60239075564184,37.51240009676803,-77.60239076,37.5124001
71,51041100920,51036600200,4,Chesterfield,Charles City,-77.1088509,37.38383884,POINT (-77.60239075564184 37.51240009676803),51036600200,-77.60239075564184,37.51240009676803,-77.60239076,37.5124001
75,51041100922,51036600300,1,Chesterfield,Charles City,-76.97673227,37.33100999,POINT (-77.58524417998711 37.49648710474959),51036600300,-77.58524417998711,37.49648710474959,-77.58524418,37.4964871
74,51041100922,51036600200,5,Chesterfield,Charles City,-77.1088509,37.38383884,POINT (-77.58524417998711 37.49648710474959),51036600200,-77.58524417998711,37.49648710474959,-77.58524418,37.4964871
73,51041100922,51036600100,11,Chesterfield,Charles City,-77.1917213,37.38472133,POINT (-77.58524417998711 37.49648710474959),51036600100,-77.58524417998711,37.49648710474959,-77.58524418,37.4964871
76,51041100923,51036600200,2,Chesterfield,Charles City,-77.1088509,37.38383884,POINT (-77.5590567554096 37.486253061495475),51036600200,-77.5590567554096,37.486253061495475,-77.55905676,37.48625306
78,51041100924,51036600300,1,Chesterfield,Charles City,-76.97673227,37.33100999,POINT (-77.69061581887598 37.52010733359897),51036600300,-77.69061581887598,37.52010733359897,-77.69061582,37.52010733
77,51041100924,51036600200,2,Chesterfield,Charles City,-77.1088509,37.38383884,POINT (-77.69061581887598 37.52010733359897),51036600200,-77.69061581887598,37.52010733359897,-77.69061582,37.52010733
80,51041100926,51036600200,1,Chesterfield,Charles City,-77.1088509,37.38383884,POINT (-77.62368907127822 37.54395098791658),51036600200,-77.62368907127822,37.54395098791658,-77.62368907,37.54395099
79,51041100926,51036600100,1,Chesterfield,Charles City,-77.1917213,37.38472133,POINT (-77.62368907127822 37.54395098791658),51036600100,-77.62368907127822,37.54395098791658,-77.62368907,37.54395099
82,51041100928,51036600200,3,Chesterfield,Charles City,-77.1088509,37.38383884,POINT (-77.6796221415788 37.48918829290356),51036600200,-77.6796221415788,37.48918829290356,-77.67962214,37.48918829
81,51041100928,51036600100,2,Chesterfield,Charles City,-77.1917213,37.38472133,POINT (-77.6796221415788 37.48918829290356),51036600100,-77.6796221415788,37.48918829290356,-77.67962214,37.48918829
83,51041100929,51036600100,1,Chesterfield,Charles City,-77.1917213,37.38472133,POINT (-77.64427449659254 37.476353050676224),51036600100,-77.64427449659254,37.476353050676224,-77.6442745,37.47635305
84,51041100930,51036600200,1,Chesterfield,Charles City,-77.1088509,37.38383884,POINT (-77.63588051850031 37.49078573834989),51036600200,-77.63588051850031,37.49078573834989,-77.63588052,37.49078574
85,51041100933,51036600300,1,Chesterfield,Charles City,-76.97673227,37.33100999,POINT (-77.616843955803 37.42100436199893),51036600300,-77.616843955803,37.42100436199893,-77.61684396,37.42100436
88,51041100934,51036600300,1,Chesterfield,Charles City,-76.97673227,37.33100999,POINT (-77.59630336547067 37.42636182771114),51036600300,-77.59630336547067,37.42636182771114,-77.59630337,37.42636183
87,51041100934,51036600200,4,Chesterfield,Charles City,-77.1088509,37.38383884,POINT (-77.59630336547067 37.42636182771114),51036600200,-77.59630336547067,37.42636182771114,-77.59630337,37.42636183
86,51041100934,51036600100,2,Chesterfield,Charles City,-77.1917213,37.38472133,POINT (-77.59630336547067 37.42636182771114),51036600100,-77.59630336547067,37.42636182771114,-77.59630337,37.42636183
89,51041100937,51036600100,2,Chesterfield,Charles City,-77.1917213,37.38472133,POINT (-77.65752558708722 37.45437076789001),51036600100,-77.65752558708722,37.45437076789001,-77.65752559,37.45437077
91,51041100938,51036600200,2,Chesterfield,Charles City,-77.1088509,37.38383884,POINT (-77.71174779484717 37.47590888855158),51036600200,-77.71174779484717,37.47590888855158,-77.71174779,37.47590889
90,51041100938,51036600100,1,Chesterfield,Charles City,-77.1917213,37.38472133,POINT (-77.71174779484717 37.47590888855158),51036600100,-77.71174779484717,37.47590888855158,-77.71174779,37.47590889
93,51041101004,51036600300,1,Chesterfield,Charles City,-76.97673227,37.33100999,POINT (-77.73903567030517 37.33506438395962),51036600300,-77.73903567030517,37.33506438395962,-77.73903567,37.33506438
92,51041101004,51036600200,4,Chesterfield,Charles City,-77.1088509,37.38383884,POINT (-77.73903567030517 37.33506438395962),51036600200,-77.73903567030517,37.33506438395962,-77.73903567,37.33506438
95,51041101007,51036600200,1,Chesterfield,Charles City,-77.1088509,37.38383884,POINT (-77.67112600191413 37.41933093950043),51036600200,-77.67112600191413,37.41933093950043,-77.671126,37.41933094
94,51041101007,51036600100,3,Chesterfield,Charles City,-77.1917213,37.38472133,POINT (-77.67112600191413 37.41933093950043),51036600100,-77.67112600191413,37.41933093950043,-77.671126,37.41933094
96,51041101009,51036600300,1,Chesterfield,Charles City,-76.97673227,37.33100999,POINT (-77.69822590368662 37.38527965737711),51036600300,-77.69822590368662,37.38527965737711,-77.6982259,37.38527966
97,51041101011,51036600300,1,Chesterfield,Charles City,-76.97673227,37.33100999,POINT (-77.6553439341235 37.39465929760114),51036600300,-77.6553439341235,37.39465929760114,-77.65534393,37.3946593
99,51041101012,51036600200,1,Chesterfield,Charles City,-77.1088509,37.38383884,POINT (-77.63841370065516 37.40809540449031),51036600200,-77.63841370065516,37.40809540449031,-77.6384137,37.4080954
98,51041101012,51036600100,2,Chesterfield,Charles City,-77.1917213,37.38472133,POINT (-77.63841370065516 37.40809540449031),51036600100,-77.63841370065516,37.40809540449031,-77.6384137,37.4080954
102,51075400101,51036600300,3,Goochland,Charles City,-76.97673227,37.33100999,POINT (-77.6829955433757 37.60434672946437),51036600300,-77.6829955433757,37.60434672946437,-77.68299554,37.60434673
101,51075400101,51036600200,4,Goochland,Charles City,-77.1088509,37.38383884,POINT (-77.6829955433757 37.60434672946437),51036600200,-77.6829955433757,37.60434672946437,-77.68299554,37.60434673
100,51075400101,51036600100,8,Goochland,Charles City,-77.1917213,37.38472133,POINT (-77.6829955433757 37.60434672946437),51036600100,-77.6829955433757,37.60434672946437,-77.68299554,37.60434673
105,51075400102,51036600300,1,Goochland,Charles City,-76.97673227,37.33100999,POINT (-77.68626193087444 37.67237944645786),51036600300,-77.68626193087444,37.67237944645786,-77.68626193,37.67237945
104,51075400102,51036600200,3,Goochland,Charles City,-77.1088509,37.38383884,POINT (-77.68626193087444 37.67237944645786),51036600200,-77.68626193087444,37.67237944645786,-77.68626193,37.67237945
103,51075400102,51036600100,4,Goochland,Charles City,-77.1917213,37.38472133,POINT (-77.68626193087444 37.67237944645786),51036600100,-77.68626193087444,37.67237944645786,-77.68626193,37.67237945
106,51075400200,51036600200,1,Goochland,Charles City,-77.1088509,37.38383884,POINT (-77.79542232176898 37.67430491707064),51036600200,-77.79542232176898,37.67430491707064,-77.79542232,37.67430492
108,51075400400,51036600200,1,Goochland,Charles City,-77.1088509,37.38383884,POINT (-77.9491511873919 37.7244311350414),51036600200,-77.9491511873919,37.7244311350414,-77.94915119,37.72443114
107,51075400400,51036600100,1,Goochland,Charles City,-77.1917213,37.38472133,POINT (-77.9491511873919 37.7244311350414),51036600100,-77.9491511873919,37.7244311350414,-77.94915119,37.72443114
109,51075400500,51036600200,1,Goochland,Charles City,-77.1088509,37.38383884,POINT (-78.053792604535 37.78226250152007),51036600200,-78.053792604535,37.78226250152007,-78.0537926,37.7822625
112,51085320200,51036600300,1,Hanover,Charles City,-76.97673227,37.33100999,POINT (-77.68504133371904 37.80777584592382),51036600300,-77.68504133371904,37.80777584592382,-77.68504133,37.80777585
111,51085320200,51036600200,1,Hanover,Charles City,-77.1088509,37.38383884,POINT (-77.68504133371904 37.80777584592382),51036600200,-77.68504133371904,37.80777584592382,-77.68504133,37.80777585
110,51085320200,51036600100,2,Hanover,Charles City,-77.1917213,37.38472133,POINT (-77.68504133371904 37.80777584592382),51036600100,-77.68504133371904,37.80777584592382,-77.68504133,37.80777585
115,51085320400,51036600300,3,Hanover,Charles City,-76.97673227,37.33100999,POINT (-77.53119038188602 37.72350988654313),51036600300,-77.53119038188602,37.72350988654313,-77.53119038,37.72350989
114,51085320400,51036600200,1,Hanover,Charles City,-77.1088509,37.38383884,POINT (-77.53119038188602 37.72350988654313),51036600200,-77.53119038188602,37.72350988654313,-77.53119038,37.72350989
113,51085320400,51036600100,11,Hanover,Charles City,-77.1917213,37.38472133,POINT (-77.53119038188602 37.72350988654313),51036600100,-77.53119038188602,37.72350988654313,-77.53119038,37.72350989
118,51085320601,51036600300,4,Hanover,Charles City,-76.97673227,37.33100999,POINT (-77.471447092379 37.77593334367191),51036600300,-77.471447092379,37.77593334367191,-77.47144709,37.77593334
117,51085320601,51036600200,4,Hanover,Charles City,-77.1088509,37.38383884,POINT (-77.471447092379 37.77593334367191),51036600200,-77.471447092379,37.77593334367191,-77.47144709,37.77593334
116,51085320601,51036600100,3,Hanover,Charles City,-77.1917213,37.38472133,POINT (-77.471447092379 37.77593334367191),51036600100,-77.471447092379,37.77593334367191,-77.47144709,37.77593334
121,51085320602,51036600300,2,Hanover,Charles City,-76.97673227,37.33100999,POINT (-77.4731837664395 37.74416694826194),51036600300,-77.4731837664395,37.74416694826194,-77.47318377,37.74416695
120,51085320602,51036600200,2,Hanover,Charles City,-77.1088509,37.38383884,POINT (-77.4731837664395 37.74416694826194),51036600200,-77.4731837664395,37.74416694826194,-77.47318377,37.74416695
119,51085320602,51036600100,5,Hanover,Charles City,-77.1917213,37.38472133,POINT (-77.4731837664395 37.74416694826194),51036600100,-77.4731837664395,37.74416694826194,-77.47318377,37.74416695
123,51085320702,51036600200,1,Hanover,Charles City,-77.1088509,37.38383884,POINT (-77.3397354429418 37.72429497133764),51036600200,-77.3397354429418,37.72429497133764,-77.33973544,37.72429497
122,51085320702,51036600100,2,Hanover,Charles City,-77.1917213,37.38472133,POINT (-77.3397354429418 37.72429497133764),51036600100,-77.3397354429418,37.72429497133764,-77.33973544,37.72429497
126,51085320801,51036600300,3,Hanover,Charles City,-76.97673227,37.33100999,POINT (-77.43517463666346 37.72101115161248),51036600300,-77.43517463666346,37.72101115161248,-77.43517464,37.72101115
125,51085320801,51036600200,7,Hanover,Charles City,-77.1088509,37.38383884,POINT (-77.43517463666346 37.72101115161248),51036600200,-77.43517463666346,37.72101115161248,-77.43517464,37.72101115
124,51085320801,51036600100,10,Hanover,Charles City,-77.1917213,37.38472133,POINT (-77.43517463666346 37.72101115161248),51036600100,-77.43517463666346,37.72101115161248,-77.43517464,37.72101115
128,51085320803,51036600200,1,Hanover,Charles City,-77.1088509,37.38383884,POINT (-77.40178469075505 37.67555471967196),51036600200,-77.40178469075505,37.67555471967196,-77.40178469,37.67555472
127,51085320803,51036600100,2,Hanover,Charles City,-77.1917213,37.38472133,POINT (-77.40178469075505 37.67555471967196),51036600100,-77.40178469075505,37.67555471967196,-77.40178469,37.67555472
129,51085320804,51036600100,2,Hanover,Charles City,-77.1917213,37.38472133,POINT (-77.42040307089692 37.68215954056276),51036600100,-77.42040307089692,37.68215954056276,-77.42040307,37.68215954
130,51085320805,51036600200,1,Hanover,Charles City,-77.1088509,37.38383884,POINT (-77.42512267815975 37.66466779619397),51036600200,-77.42512267815975,37.66466779619397,-77.42512268,37.6646678
131,51085320901,51036600100,1,Hanover,Charles City,-77.1917213,37.38472133,POINT (-77.35950463689274 37.65874207463375),51036600100,-77.35950463689274,37.65874207463375,-77.35950464,37.65874207
134,51085320902,51036600300,4,Hanover,Charles City,-76.97673227,37.33100999,POINT (-77.38681578335574 37.63660735964822),51036600300,-77.38681578335574,37.63660735964822,-77.38681578,37.63660736
133,51085320902,51036600200,11,Hanover,Charles City,-77.1088509,37.38383884,POINT (-77.38681578335574 37.63660735964822),51036600200,-77.38681578335574,37.63660735964822,-77.38681578,37.63660736
132,51085320902,51036600100,8,Hanover,Charles City,-77.1917213,37.38472133,POINT (-77.38681578335574 37.63660735964822),51036600100,-77.38681578335574,37.63660735964822,-77.38681578,37.63660736
135,51085321001,51036600200,2,Hanover,Charles City,-77.1088509,37.38383884,POINT (-77.35319381731391 37.62262564206291),51036600200,-77.35319381731391,37.62262564206291,-77.35319382,37.62262564
138,51085321003,51036600300,2,Hanover,Charles City,-76.97673227,37.33100999,POINT (-77.31762179906094 37.62396678660377),51036600300,-77.31762179906094,37.62396678660377,-77.3176218,37.62396679
137,51085321003,51036600200,2,Hanover,Charles City,-77.1088509,37.38383884,POINT (-77.31762179906094 37.62396678660377),51036600200,-77.31762179906094,37.62396678660377,-77.3176218,37.62396679
136,51085321003,51036600100,1,Hanover,Charles City,-77.1917213,37.38472133,POINT (-77.31762179906094 37.62396678660377),51036600100,-77.31762179906094,37.62396678660377,-77.3176218,37.62396679
139,51085321004,51036600300,1,Hanover,Charles City,-76.97673227,37.33100999,POINT (-77.31660950340907 37.651544100252956),51036600300,-77.31660950340907,37.651544100252956,-77.3166095,37.6515441
142,51085321100,51036600300,1,Hanover,Charles City,-76.97673227,37.33100999,POINT (-77.38262891029056 37.61242252069209),51036600300,-77.38262891029056,37.61242252069209,-77.38262891,37.61242252
141,51085321100,51036600200,4,Hanover,Charles City,-77.1088509,37.38383884,POINT (-77.38262891029056 37.61242252069209),51036600200,-77.38262891029056,37.61242252069209,-77.38262891,37.61242252
140,51085321100,51036600100,7,Hanover,Charles City,-77.1917213,37.38472133,POINT (-77.38262891029056 37.61242252069209),51036600100,-77.38262891029056,37.61242252069209,-77.38262891,37.61242252
145,51085321201,51036600300,2,Hanover,Charles City,-76.97673227,37.33100999,POINT (-77.3232961611456 37.58809239608156),51036600300,-77.3232961611456,37.58809239608156,-77.32329616,37.5880924
144,51085321201,51036600200,3,Hanover,Charles City,-77.1088509,37.38383884,POINT (-77.3232961611456 37.58809239608156),51036600200,-77.3232961611456,37.58809239608156,-77.32329616,37.5880924
143,51085321201,51036600100,5,Hanover,Charles City,-77.1917213,37.38472133,POINT (-77.3232961611456 37.58809239608156),51036600100,-77.3232961611456,37.58809239608156,-77.32329616,37.5880924
147,51085321202,51036600200,2,Hanover,Charles City,-77.1088509,37.38383884,POINT (-77.34349514343835 37.58490558337123),51036600200,-77.34349514343835,37.58490558337123,-77.34349514,37.58490558
146,51085321202,51036600100,1,Hanover,Charles City,-77.1917213,37.38472133,POINT (-77.34349514343835 37.58490558337123),51036600100,-77.34349514343835,37.58490558337123,-77.34349514,37.58490558
149,51085321300,51036600200,2,Hanover,Charles City,-77.1088509,37.38383884,POINT (-77.29680248312577 37.59112521969857),51036600200,-77.29680248312577,37.59112521969857,-77.29680248,37.59112522
148,51085321300,51036600100,1,Hanover,Charles City,-77.1917213,37.38472133,POINT (-77.29680248312577 37.59112521969857),51036600100,-77.29680248312577,37.59112521969857,-77.29680248,37.59112522
152,51085321402,51036600300,1,Hanover,Charles City,-76.97673227,37.33100999,POINT (-77.2517905721588 37.60113007890898),51036600300,-77.2517905721588,37.60113007890898,-77.25179057,37.60113008
151,51085321402,51036600200,2,Hanover,Charles City,-77.1088509,37.38383884,POINT (-77.2517905721588 37.60113007890898),51036600200,-77.2517905721588,37.60113007890898,-77.25179057,37.60113008
150,51085321402,51036600100,1,Hanover,Charles City,-77.1917213,37.38472133,POINT (-77.2517905721588 37.60113007890898),51036600100,-77.2517905721588,37.60113007890898,-77.25179057,37.60113008
153,51087200106,51036600100,1,Henrico,Charles City,-77.1917213,37.38472133,POINT (-77.57897181484151 37.60083858553244),51036600100,-77.57897181484151,37.60083858553244,-77.57897181,37.60083859
154,51087200108,51036600200,1,Henrico,Charles City,-77.1088509,37.38383884,POINT (-77.5933636295779 37.56692279305806),51036600200,-77.5933636295779,37.56692279305806,-77.59336363,37.56692279
156,51087200124,51036600300,1,Henrico,Charles City,-76.97673227,37.33100999,POINT (-77.6222347170696 37.61613825304584),51036600300,-77.6222347170696,37.61613825304584,-77.62223472,37.61613825
155,51087200124,51036600100,3,Henrico,Charles City,-77.1917213,37.38472133,POINT (-77.6222347170696 37.61613825304584),51036600100,-77.6222347170696,37.61613825304584,-77.62223472,37.61613825
157,51087200125,51036600200,1,Henrico,Charles City,-77.1088509,37.38383884,POINT (-77.5603639580385 37.630833878783726),51036600200,-77.5603639580385,37.630833878783726,-77.56036396,37.63083388
159,51087200126,51036600200,1,Henrico,Charles City,-77.1088509,37.38383884,POINT (-77.55101381879751 37.63318897419251),51036600200,-77.55101381879751,37.63318897419251,-77.55101382,37.63318897
158,51087200126,51036600100,3,Henrico,Charles City,-77.1917213,37.38472133,POINT (-77.55101381879751 37.63318897419251),51036600100,-77.55101381879751,37.63318897419251,-77.55101382,37.63318897
161,51087200127,51036600300,1,Henrico,Charles City,-76.97673227,37.33100999,POINT (-77.59024486614557 37.63015771920967),51036600300,-77.59024486614557,37.63015771920967,-77.59024487,37.63015772
160,51087200127,51036600100,2,Henrico,Charles City,-77.1917213,37.38472133,POINT (-77.59024486614557 37.63015771920967),51036600100,-77.59024486614557,37.63015771920967,-77.59024487,37.63015772
164,51087200131,51036600300,1,Henrico,Charles City,-76.97673227,37.33100999,POINT (-77.54464366743474 37.606054749559796),51036600300,-77.54464366743474,37.606054749559796,-77.54464367,37.60605475
163,51087200131,51036600200,2,Henrico,Charles City,-77.1088509,37.38383884,POINT (-77.54464366743474 37.606054749559796),51036600200,-77.54464366743474,37.606054749559796,-77.54464367,37.60605475
162,51087200131,51036600100,9,Henrico,Charles City,-77.1917213,37.38472133,POINT (-77.54464366743474 37.606054749559796),51036600100,-77.54464366743474,37.606054749559796,-77.54464367,37.60605475
165,51087200132,51036600200,1,Henrico,Charles City,-77.1088509,37.38383884,POINT (-77.553329654831 37.61321046597857),51036600200,-77.553329654831,37.61321046597857,-77.55332965,37.61321047
167,51087200136,51036600300,1,Henrico,Charles City,-76.97673227,37.33100999,POINT (-77.62708198182406 37.60516301005997),51036600300,-77.62708198182406,37.60516301005997,-77.62708198,37.60516301
166,51087200136,51036600100,3,Henrico,Charles City,-77.1917213,37.38472133,POINT (-77.62708198182406 37.60516301005997),51036600100,-77.62708198182406,37.60516301005997,-77.62708198,37.60516301
169,51087200138,51036600200,4,Henrico,Charles City,-77.1088509,37.38383884,POINT (-77.59701807140793 37.61568705033441),51036600200,-77.59701807140793,37.61568705033441,-77.59701807,37.61568705
168,51087200138,51036600100,2,Henrico,Charles City,-77.1917213,37.38472133,POINT (-77.59701807140793 37.61568705033441),51036600100,-77.59701807140793,37.61568705033441,-77.59701807,37.61568705
172,51087200140,51036600300,2,Henrico,Charles City,-76.97673227,37.33100999,POINT (-77.63679408212946 37.655328994828906),51036600300,-77.63679408212946,37.655328994828906,-77.63679408,37.65532899
171,51087200140,51036600200,3,Henrico,Charles City,-77.1088509,37.38383884,POINT (-77.63679408212946 37.655328994828906),51036600200,-77.63679408212946,37.655328994828906,-77.63679408,37.65532899
170,51087200140,51036600100,1,Henrico,Charles City,-77.1917213,37.38472133,POINT (-77.63679408212946 37.655328994828906),51036600100,-77.63679408212946,37.655328994828906,-77.63679408,37.65532899
174,51087200141,51036600300,1,Henrico,Charles City,-76.97673227,37.33100999,POINT (-77.62796054807364 37.65015181782827),51036600300,-77.62796054807364,37.65015181782827,-77.62796055,37.65015182
173,51087200141,51036600100,1,Henrico,Charles City,-77.1917213,37.38472133,POINT (-77.62796054807364 37.65015181782827),51036600100,-77.62796054807364,37.65015181782827,-77.62796055,37.65015182
175,51087200142,51036600200,1,Henrico,Charles City,-77.1088509,37.38383884,POINT (-77.62292089342688 37.63989342003453),51036600200,-77.62292089342688,37.63989342003453,-77.62292089,37.63989342
177,51087200144,51036600300,3,Henrico,Charles City,-76.97673227,37.33100999,POINT (-77.60250444995789 37.64853829038282),51036600300,-77.60250444995789,37.64853829038282,-77.60250445,37.64853829
176,51087200144,51036600200,3,Henrico,Charles City,-77.1088509,37.38383884,POINT (-77.60250444995789 37.64853829038282),51036600200,-77.60250444995789,37.64853829038282,-77.60250445,37.64853829
178,51087200147,51036600100,3,Henrico,Charles City,-77.1917213,37.38472133,POINT (-77.6226373245117 37.67762240521009),51036600100,-77.6226373245117,37.67762240521009,-77.62263732,37.67762241
181,51087200148,51036600300,2,Henrico,Charles City,-76.97673227,37.33100999,POINT (-77.57818533024465 37.682314088081355),51036600300,-77.57818533024465,37.682314088081355,-77.57818533,37.68231409
180,51087200148,51036600200,1,Henrico,Charles City,-77.1088509,37.38383884,POINT (-77.57818533024465 37.682314088081355),51036600200,-77.57818533024465,37.682314088081355,-77.57818533,37.68231409
179,51087200148,51036600100,3,Henrico,Charles City,-77.1917213,37.38472133,POINT (-77.57818533024465 37.682314088081355),51036600100,-77.57818533024465,37.682314088081355,-77.57818533,37.68231409
182,51087200149,51036600100,5,Henrico,Charles City,-77.1917213,37.38472133,POINT (-77.6003999189225 37.66826832262241),51036600100,-77.6003999189225,37.66826832262241,-77.60039992,37.66826832
185,51087200150,51036600300,4,Henrico,Charles City,-76.97673227,37.33100999,POINT (-77.57582220175745 37.664606927292304),51036600300,-77.57582220175745,37.664606927292304,-77.5758222,37.66460693
184,51087200150,51036600200,9,Henrico,Charles City,-77.1088509,37.38383884,POINT (-77.57582220175745 37.664606927292304),51036600200,-77.57582220175745,37.664606927292304,-77.5758222,37.66460693
183,51087200150,51036600100,13,Henrico,Charles City,-77.1917213,37.38472133,POINT (-77.57582220175745 37.664606927292304),51036600100,-77.57582220175745,37.664606927292304,-77.5758222,37.66460693
188,51087200151,51036600300,1,Henrico,Charles City,-76.97673227,37.33100999,POINT (-77.57184308571291 37.64822504682156),51036600300,-77.57184308571291,37.64822504682156,-77.57184309,37.64822505
187,51087200151,51036600200,2,Henrico,Charles City,-77.1088509,37.38383884,POINT (-77.57184308571291 37.64822504682156),51036600200,-77.57184308571291,37.64822504682156,-77.57184309,37.64822505
186,51087200151,51036600100,5,Henrico,Charles City,-77.1917213,37.38472133,POINT (-77.57184308571291 37.64822504682156),51036600100,-77.57184308571291,37.64822504682156,-77.57184309,37.64822505
190,51087200152,51036600300,1,Henrico,Charles City,-76.97673227,37.33100999,POINT (-77.56512365017086 37.622892851537244),51036600300,-77.56512365017086,37.622892851537244,-77.56512365,37.62289285
189,51087200152,51036600100,1,Henrico,Charles City,-77.1917213,37.38472133,POINT (-77.56512365017086 37.622892851537244),51036600100,-77.56512365017086,37.622892851537244,-77.56512365,37.62289285
192,51087200153,51036600300,1,Henrico,Charles City,-76.97673227,37.33100999,POINT (-77.57100175473788 37.61247980079814),51036600300,-77.57100175473788,37.61247980079814,-77.57100175,37.6124798
191,51087200153,51036600200,1,Henrico,Charles City,-77.1088509,37.38383884,POINT (-77.57100175473788 37.61247980079814),51036600200,-77.57100175473788,37.61247980079814,-77.57100175,37.6124798
193,51087200201,51036600200,1,Henrico,Charles City,-77.1088509,37.38383884,POINT (-77.55710982388794 37.59420829831072),51036600200,-77.55710982388794,37.59420829831072,-77.55710982,37.5942083
196,51087200301,51036600300,2,Henrico,Charles City,-76.97673227,37.33100999,POINT (-77.50257912923476 37.58246562725167),51036600300,-77.50257912923476,37.58246562725167,-77.50257913,37.58246563
195,51087200301,51036600200,4,Henrico,Charles City,-77.1088509,37.38383884,POINT (-77.50257912923476 37.58246562725167),51036600200,-77.50257912923476,37.58246562725167,-77.50257913,37.58246563
194,51087200301,51036600100,2,Henrico,Charles City,-77.1917213,37.38472133,POINT (-77.50257912923476 37.58246562725167),51036600100,-77.50257912923476,37.58246562725167,-77.50257913,37.58246563
199,51087200302,51036600300,2,Henrico,Charles City,-76.97673227,37.33100999,POINT (-77.51751290188966 37.589837317692414),51036600300,-77.51751290188966,37.589837317692414,-77.5175129,37.58983732
198,51087200302,51036600200,7,Henrico,Charles City,-77.1088509,37.38383884,POINT (-77.51751290188966 37.589837317692414),51036600200,-77.51751290188966,37.589837317692414,-77.5175129,37.58983732
197,51087200302,51036600100,6,Henrico,Charles City,-77.1917213,37.38472133,POINT (-77.51751290188966 37.589837317692414),51036600100,-77.51751290188966,37.589837317692414,-77.5175129,37.58983732
202,51087200303,51036600300,5,Henrico,Charles City,-76.97673227,37.33100999,POINT (-77.52659471532229 37.60165472995833),51036600300,-77.52659471532229,37.60165472995833,-77.52659472,37.60165473
201,51087200303,51036600200,5,Henrico,Charles City,-77.1088509,37.38383884,POINT (-77.52659471532229 37.60165472995833),51036600200,-77.52659471532229,37.60165472995833,-77.52659472,37.60165473
200,51087200303,51036600100,3,Henrico,Charles City,-77.1917213,37.38472133,POINT (-77.52659471532229 37.60165472995833),51036600100,-77.52659471532229,37.60165472995833,-77.52659472,37.60165473
205,51087200305,51036600300,1,Henrico,Charles City,-76.97673227,37.33100999,POINT (-77.5340255741652 37.6186423760392),51036600300,-77.5340255741652,37.6186423760392,-77.53402557,37.61864238
204,51087200305,51036600200,4,Henrico,Charles City,-77.1088509,37.38383884,POINT (-77.5340255741652 37.6186423760392),51036600200,-77.5340255741652,37.6186423760392,-77.53402557,37.61864238
203,51087200305,51036600100,4,Henrico,Charles City,-77.1917213,37.38472133,POINT (-77.5340255741652 37.6186423760392),51036600100,-77.5340255741652,37.6186423760392,-77.53402557,37.61864238
206,51087200404,51036600300,1,Henrico,Charles City,-76.97673227,37.33100999,POINT (-77.50273763913766 37.60703990590712),51036600300,-77.50273763913766,37.60703990590712,-77.50273764,37.60703991
209,51087200407,51036600300,1,Henrico,Charles City,-76.97673227,37.33100999,POINT (-77.54576824608608 37.64290271671887),51036600300,-77.54576824608608,37.64290271671887,-77.54576825,37.64290272
208,51087200407,51036600200,1,Henrico,Charles City,-77.1088509,37.38383884,POINT (-77.54576824608608 37.64290271671887),51036600200,-77.54576824608608,37.64290271671887,-77.54576825,37.64290272
207,51087200407,51036600100,1,Henrico,Charles City,-77.1917213,37.38472133,POINT (-77.54576824608608 37.64290271671887),51036600100,-77.54576824608608,37.64290271671887,-77.54576825,37.64290272
212,51087200409,51036600300,6,Henrico,Charles City,-76.97673227,37.33100999,POINT (-77.51825817279303 37.62639341869845),51036600300,-77.51825817279303,37.62639341869845,-77.51825817,37.62639342
211,51087200409,51036600200,2,Henrico,Charles City,-77.1088509,37.38383884,POINT (-77.51825817279303 37.62639341869845),51036600200,-77.51825817279303,37.62639341869845,-77.51825817,37.62639342
210,51087200409,51036600100,6,Henrico,Charles City,-77.1917213,37.38472133,POINT (-77.51825817279303 37.62639341869845),51036600100,-77.51825817279303,37.62639341869845,-77.51825817,37.62639342
213,51087200412,51036600200,2,Henrico,Charles City,-77.1088509,37.38383884,POINT (-77.51814095601985 37.63357192990187),51036600200,-77.51814095601985,37.63357192990187,-77.51814096,37.63357193
214,51087200415,51036600200,1,Henrico,Charles City,-77.1088509,37.38383884,POINT (-77.51746876337859 37.6894059268652),51036600200,-77.51746876337859,37.6894059268652,-77.51746876,37.68940593
215,51087200416,51036600100,1,Henrico,Charles City,-77.1917213,37.38472133,POINT (-77.51857493467632 37.66649495033667),51036600100,-77.51857493467632,37.66649495033667,-77.51857493,37.66649495
216,51087200418,51036600200,2,Henrico,Charles City,-77.1088509,37.38383884,POINT (-77.51315144039752 37.619024757612465),51036600200,-77.51315144039752,37.619024757612465,-77.51315144,37.61902476
218,51087200501,51036600200,7,Henrico,Charles City,-77.1088509,37.38383884,POINT (-77.50228343827406 37.59564631847038),51036600200,-77.50228343827406,37.59564631847038,-77.50228344,37.59564632
217,51087200501,51036600100,7,Henrico,Charles City,-77.1917213,37.38472133,POINT (-77.50228343827406 37.59564631847038),51036600100,-77.50228343827406,37.59564631847038,-77.50228344,37.59564632
221,51087200502,51036600300,8,Henrico,Charles City,-76.97673227,37.33100999,POINT (-77.48519758070759 37.59358062037778),51036600300,-77.48519758070759,37.59358062037778,-77.48519758,37.59358062
220,51087200502,51036600200,14,Henrico,Charles City,-77.1088509,37.38383884,POINT (-77.48519758070759 37.59358062037778),51036600200,-77.48519758070759,37.59358062037778,-77.48519758,37.59358062
219,51087200502,51036600100,17,Henrico,Charles City,-77.1917213,37.38472133,POINT (-77.48519758070759 37.59358062037778),51036600100,-77.48519758070759,37.59358062037778,-77.48519758,37.59358062
224,51087200503,51036600300,3,Henrico,Charles City,-76.97673227,37.33100999,POINT (-77.49654126867436 37.63008675859423),51036600300,-77.49654126867436,37.63008675859423,-77.49654127,37.63008676
223,51087200503,51036600200,9,Henrico,Charles City,-77.1088509,37.38383884,POINT (-77.49654126867436 37.63008675859423),51036600200,-77.49654126867436,37.63008675859423,-77.49654127,37.63008676
222,51087200503,51036600100,9,Henrico,Charles City,-77.1917213,37.38472133,POINT (-77.49654126867436 37.63008675859423),51036600100,-77.49654126867436,37.63008675859423,-77.49654127,37.63008676
226,51087200700,51036600300,2,Henrico,Charles City,-76.97673227,37.33100999,POINT (-77.46366724897337 37.607279009985575),51036600300,-77.46366724897337,37.607279009985575,-77.46366725,37.60727901
225,51087200700,51036600200,3,Henrico,Charles City,-77.1088509,37.38383884,POINT (-77.46366724897337 37.607279009985575),51036600200,-77.46366724897337,37.607279009985575,-77.46366725,37.60727901
229,51087200801,51036600300,3,Henrico,Charles City,-76.97673227,37.33100999,POINT (-77.47242397212776 37.6309301017666),51036600300,-77.47242397212776,37.6309301017666,-77.47242397,37.6309301
228,51087200801,51036600200,4,Henrico,Charles City,-77.1088509,37.38383884,POINT (-77.47242397212776 37.6309301017666),51036600200,-77.47242397212776,37.6309301017666,-77.47242397,37.6309301
227,51087200801,51036600100,8,Henrico,Charles City,-77.1917213,37.38472133,POINT (-77.47242397212776 37.6309301017666),51036600100,-77.47242397212776,37.6309301017666,-77.47242397,37.6309301
230,51087200802,51036600100,1,Henrico,Charles City,-77.1917213,37.38472133,POINT (-77.44920793109274 37.619164688298525),51036600100,-77.44920793109274,37.619164688298525,-77.44920793,37.61916469
233,51087200805,51036600300,4,Henrico,Charles City,-76.97673227,37.33100999,POINT (-77.4236561120298 37.59105613121639),51036600300,-77.4236561120298,37.59105613121639,-77.42365611,37.59105613
232,51087200805,51036600200,3,Henrico,Charles City,-77.1088509,37.38383884,POINT (-77.4236561120298 37.59105613121639),51036600200,-77.4236561120298,37.59105613121639,-77.42365611,37.59105613
231,51087200805,51036600100,4,Henrico,Charles City,-77.1917213,37.38472133,POINT (-77.4236561120298 37.59105613121639),51036600100,-77.4236561120298,37.59105613121639,-77.42365611,37.59105613
234,51087200807,51036600200,1,Henrico,Charles City,-77.1088509,37.38383884,POINT (-77.42789836488895 37.60865209989497),51036600200,-77.42789836488895,37.60865209989497,-77.42789836,37.6086521
237,51087200904,51036600300,3,Henrico,Charles City,-76.97673227,37.33100999,POINT (-77.43370260593366 37.640879130332365),51036600300,-77.43370260593366,37.640879130332365,-77.43370261,37.64087913
236,51087200904,51036600200,4,Henrico,Charles City,-77.1088509,37.38383884,POINT (-77.43370260593366 37.640879130332365),51036600200,-77.43370260593366,37.640879130332365,-77.43370261,37.64087913
235,51087200904,51036600100,2,Henrico,Charles City,-77.1917213,37.38472133,POINT (-77.43370260593366 37.640879130332365),51036600100,-77.43370260593366,37.640879130332365,-77.43370261,37.64087913
240,51087200905,51036600300,2,Henrico,Charles City,-76.97673227,37.33100999,POINT (-77.47985562092202 37.65196308512729),51036600300,-77.47985562092202,37.65196308512729,-77.47985562,37.65196309
239,51087200905,51036600200,2,Henrico,Charles City,-77.1088509,37.38383884,POINT (-77.47985562092202 37.65196308512729),51036600200,-77.47985562092202,37.65196308512729,-77.47985562,37.65196309
238,51087200905,51036600100,1,Henrico,Charles City,-77.1917213,37.38472133,POINT (-77.47985562092202 37.65196308512729),51036600100,-77.47985562092202,37.65196308512729,-77.47985562,37.65196309
242,51087200907,51036600200,3,Henrico,Charles City,-77.1088509,37.38383884,POINT (-77.47297721482308 37.67600808782018),51036600200,-77.47297721482308,37.67600808782018,-77.47297721,37.67600809
241,51087200907,51036600100,3,Henrico,Charles City,-77.1917213,37.38472133,POINT (-77.47297721482308 37.67600808782018),51036600100,-77.47297721482308,37.67600808782018,-77.47297721,37.67600809
245,51087200908,51036600300,2,Henrico,Charles City,-76.97673227,37.33100999,POINT (-77.45942306756523 37.647564367416436),51036600300,-77.45942306756523,37.647564367416436,-77.45942307,37.64756437
244,51087200908,51036600200,1,Henrico,Charles City,-77.1088509,37.38383884,POINT (-77.45942306756523 37.647564367416436),51036600200,-77.45942306756523,37.647564367416436,-77.45942307,37.64756437
243,51087200908,51036600100,3,Henrico,Charles City,-77.1917213,37.38472133,POINT (-77.45942306756523 37.647564367416436),51036600100,-77.45942306756523,37.647564367416436,-77.45942307,37.64756437
247,51087201001,51036600200,1,Henrico,Charles City,-77.1088509,37.38383884,POINT (-77.38063857442846 37.583688509869),51036600200,-77.38063857442846,37.583688509869,-77.38063857,37.58368851
246,51087201001,51036600100,1,Henrico,Charles City,-77.1917213,37.38472133,POINT (-77.38063857442846 37.583688509869),51036600100,-77.38063857442846,37.583688509869,-77.38063857,37.58368851
248,51087201002,51036600200,1,Henrico,Charles City,-77.1088509,37.38383884,POINT (-77.40366527826315 37.572463984789806),51036600200,-77.40366527826315,37.572463984789806,-77.40366528,37.57246398
251,51087201104,51036600300,2,Henrico,Charles City,-76.97673227,37.33100999,POINT (-77.37815208079034 37.54418254427002),51036600300,-77.37815208079034,37.54418254427002,-77.37815208,37.54418254
250,51087201104,51036600200,14,Henrico,Charles City,-77.1088509,37.38383884,POINT (-77.37815208079034 37.54418254427002),51036600200,-77.37815208079034,37.54418254427002,-77.37815208,37.54418254
249,51087201104,51036600100,24,Henrico,Charles City,-77.1917213,37.38472133,POINT (-77.37815208079034 37.54418254427002),51036600100,-77.37815208079034,37.54418254427002,-77.37815208,37.54418254
252,51087201204,51036600100,2,Henrico,Charles City,-77.1917213,37.38472133,POINT (-77.32738466027061 37.54985594394238),51036600100,-77.32738466027061,37.54985594394238,-77.32738466,37.54985594
255,51087201205,51036600300,1,Henrico,Charles City,-76.97673227,37.33100999,POINT (-77.33137379610653 37.53882432730039),51036600300,-77.33137379610653,37.53882432730039,-77.3313738,37.53882433
254,51087201205,51036600200,6,Henrico,Charles City,-77.1088509,37.38383884,POINT (-77.33137379610653 37.53882432730039),51036600200,-77.33137379610653,37.53882432730039,-77.3313738,37.53882433
253,51087201205,51036600100,3,Henrico,Charles City,-77.1917213,37.38472133,POINT (-77.33137379610653 37.53882432730039),51036600100,-77.33137379610653,37.53882432730039,-77.3313738,37.53882433
257,51087201403,51036600200,2,Henrico,Charles City,-77.1088509,37.38383884,POINT (-77.26834490308558 37.53480774307168),51036600200,-77.26834490308558,37.53480774307168,-77.2683449,37.53480774
256,51087201403,51036600100,15,Henrico,Charles City,-77.1917213,37.38472133,POINT (-77.26834490308558 37.53480774307168),51036600100,-77.26834490308558,37.53480774307168,-77.2683449,37.53480774
260,51087201404,51036600300,2,Henrico,Charles City,-76.97673227,37.33100999,POINT (-77.24402336086102 37.49580590391546),51036600300,-77.24402336086102,37.49580590391546,-77.24402336,37.4958059
259,51087201404,51036600200,13,Henrico,Charles City,-77.1088509,37.38383884,POINT (-77.24402336086102 37.49580590391546),51036600200,-77.24402336086102,37.49580590391546,-77.24402336,37.4958059
258,51087201404,51036600100,33,Henrico,Charles City,-77.1917213,37.38472133,POINT (-77.24402336086102 37.49580590391546),51036600100,-77.24402336086102,37.49580590391546,-77.24402336,37.4958059
262,51087201405,51036600200,2,Henrico,Charles City,-77.1088509,37.38383884,POINT (-77.35729803563565 37.539016780725476),51036600200,-77.35729803563565,37.539016780725476,-77.35729804,37.53901678
261,51087201405,51036600100,1,Henrico,Charles City,-77.1917213,37.38472133,POINT (-77.35729803563565 37.539016780725476),51036600100,-77.35729803563565,37.539016780725476,-77.35729804,37.53901678
265,51087201406,51036600300,13,Henrico,Charles City,-76.97673227,37.33100999,POINT (-77.34681992911891 37.521437313490416),51036600300,-77.34681992911891,37.521437313490416,-77.34681993,37.52143731
264,51087201406,51036600200,23,Henrico,Charles City,-77.1088509,37.38383884,POINT (-77.34681992911891 37.521437313490416),51036600200,-77.34681992911891,37.521437313490416,-77.34681993,37.52143731
263,51087201406,51036600100,17,Henrico,Charles City,-77.1917213,37.38472133,POINT (-77.34681992911891 37.521437313490416),51036600100,-77.34681992911891,37.521437313490416,-77.34681993,37.52143731
268,51087201502,51036600300,5,Henrico,Charles City,-76.97673227,37.33100999,POINT (-77.33376795000886 37.46556736342452),51036600300,-77.33376795000886,37.46556736342452,-77.33376795,37.46556736
267,51087201502,51036600200,6,Henrico,Charles City,-77.1088509,37.38383884,POINT (-77.33376795000886 37.46556736342452),51036600200,-77.33376795000886,37.46556736342452,-77.33376795,37.46556736
266,51087201502,51036600100,6,Henrico,Charles City,-77.1917213,37.38472133,POINT (-77.33376795000886 37.46556736342452),51036600100,-77.33376795000886,37.46556736342452,-77.33376795,37.46556736
269,51087201503,51036600100,1,Henrico,Charles City,-77.1917213,37.38472133,POINT (-77.39550374682817 37.49795546586451),51036600100,-77.39550374682817,37.49795546586451,-77.39550375,37.49795547
272,51087201504,51036600300,5,Henrico,Charles City,-76.97673227,37.33100999,POINT (-77.3712109668224 37.49660947193315),51036600300,-77.3712109668224,37.49660947193315,-77.37121097,37.49660947
271,51087201504,51036600200,18,Henrico,Charles City,-77.1088509,37.38383884,POINT (-77.3712109668224 37.49660947193315),51036600200,-77.3712109668224,37.49660947193315,-77.37121097,37.49660947
270,51087201504,51036600100,39,Henrico,Charles City,-77.1917213,37.38472133,POINT (-77.3712109668224 37.49660947193315),51036600100,-77.3712109668224,37.49660947193315,-77.37121097,37.49660947
274,51087201601,51036600300,1,Henrico,Charles City,-76.97673227,37.33100999,POINT (-77.25938321442969 37.42576250266637),51036600300,-77.25938321442969,37.42576250266637,-77.25938321,37.4257625
273,51087201601,51036600100,3,Henrico,Charles City,-77.1917213,37.38472133,POINT (-77.25938321442969 37.42576250266637),51036600100,-77.25938321442969,37.42576250266637,-77.25938321,37.4257625
277,51087201602,51036600300,4,Henrico,Charles City,-76.97673227,37.33100999,POINT (-77.36904638351935 37.42826207079475),51036600300,-77.36904638351935,37.42826207079475,-77.36904638,37.42826207
276,51087201602,51036600200,2,Henrico,Charles City,-77.1088509,37.38383884,POINT (-77.36904638351935 37.42826207079475),51036600200,-77.36904638351935,37.42826207079475,-77.36904638,37.42826207
275,51087201602,51036600100,3,Henrico,Charles City,-77.1917213,37.38472133,POINT (-77.36904638351935 37.42826207079475),51036600100,-77.36904638351935,37.42826207079475,-77.36904638,37.42826207
280,51087201701,51036600300,1,Henrico,Charles City,-76.97673227,37.33100999,POINT (-77.30662178754658 37.522476212593546),51036600300,-77.30662178754658,37.522476212593546,-77.30662179,37.52247621
279,51087201701,51036600200,3,Henrico,Charles City,-77.1088509,37.38383884,POINT (-77.30662178754658 37.522476212593546),51036600200,-77.30662178754658,37.522476212593546,-77.30662179,37.52247621
278,51087201701,51036600100,3,Henrico,Charles City,-77.1917213,37.38472133,POINT (-77.30662178754658 37.522476212593546),51036600100,-77.30662178754658,37.522476212593546,-77.30662179,37.52247621
283,51087980100,51036600300,3,Henrico,Charles City,-76.97673227,37.33100999,POINT (-77.3223484917434 37.505736244410016),51036600300,-77.3223484917434,37.505736244410016,-77.32234849,37.50573624
282,51087980100,51036600200,4,Henrico,Charles City,-77.1088509,37.38383884,POINT (-77.3223484917434 37.505736244410016),51036600200,-77.3223484917434,37.505736244410016,-77.32234849,37.50573624
281,51087980100,51036600100,3,Henrico,Charles City,-77.1917213,37.38472133,POINT (-77.3223484917434 37.505736244410016),51036600100,-77.3223484917434,37.505736244410016,-77.32234849,37.50573624
286,51127700100,51036600300,7,New Kent,Charles City,-76.97673227,37.33100999,POINT (-77.15258488435892 37.55150403064477),51036600300,-77.15258488435892,37.55150403064477,-77.15258488,37.55150403
285,51127700100,51036600200,18,New Kent,Charles City,-77.1088509,37.38383884,POINT (-77.15258488435892 37.55150403064477),51036600200,-77.15258488435892,37.55150403064477,-77.15258488,37.55150403
284,51127700100,51036600100,8,New Kent,Charles City,-77.1917213,37.38472133,POINT (-77.15258488435892 37.55150403064477),51036600100,-77.15258488435892,37.55150403064477,-77.15258488,37.55150403
289,51127700200,51036600300,8,New Kent,Charles City,-76.97673227,37.33100999,POINT (-77.06838169811662 37.51758466362566),51036600300,-77.06838169811662,37.51758466362566,-77.0683817,37.51758466
288,51127700200,51036600200,13,New Kent,Charles City,-77.1088509,37.38383884,POINT (-77.06838169811662 37.51758466362566),51036600200,-77.06838169811662,37.51758466362566,-77.0683817,37.51758466
287,51127700200,51036600100,6,New Kent,Charles City,-77.1917213,37.38472133,POINT (-77.06838169811662 37.51758466362566),51036600100,-77.06838169811662,37.51758466362566,-77.0683817,37.51758466
292,51127700301,51036600300,21,New Kent,Charles City,-76.97673227,37.33100999,POINT (-76.96241524849484 37.4459398346653),51036600300,-76.96241524849484,37.4459398346653,-76.96241525,37.44593983
291,51127700301,51036600200,23,New Kent,Charles City,-77.1088509,37.38383884,POINT (-76.96241524849484 37.4459398346653),51036600200,-76.96241524849484,37.4459398346653,-76.96241525,37.44593983
290,51127700301,51036600100,13,New Kent,Charles City,-77.1917213,37.38472133,POINT (-76.96241524849484 37.4459398346653),51036600100,-76.96241524849484,37.4459398346653,-76.96241525,37.44593983
295,51127700302,51036600300,29,New Kent,Charles City,-76.97673227,37.33100999,POINT (-76.88195879844399 37.50599597002332),51036600300,-76.88195879844399,37.50599597002332,-76.8819588,37.50599597
294,51127700302,51036600200,19,New Kent,Charles City,-77.1088509,37.38383884,POINT (-76.88195879844399 37.50599597002332),51036600200,-76.88195879844399,37.50599597002332,-76.8819588,37.50599597
293,51127700302,51036600100,22,New Kent,Charles City,-77.1917213,37.38472133,POINT (-76.88195879844399 37.50599597002332),51036600100,-76.88195879844399,37.50599597002332,-76.8819588,37.50599597
297,51145500101,51036600200,1,Powhatan,Charles City,-77.1088509,37.38383884,POINT (-77.76191666760045 37.557670630101285),51036600200,-77.76191666760045,37.557670630101285,-77.76191667,37.55767063
296,51145500101,51036600100,1,Powhatan,Charles City,-77.1917213,37.38472133,POINT (-77.76191666760045 37.557670630101285),51036600100,-77.76191666760045,37.557670630101285,-77.76191667,37.55767063
300,51145500102,51036600300,1,Powhatan,Charles City,-76.97673227,37.33100999,POINT (-77.82617794981019 37.475221256752995),51036600300,-77.82617794981019,37.475221256752995,-77.82617795,37.47522126
299,51145500102,51036600200,2,Powhatan,Charles City,-77.1088509,37.38383884,POINT (-77.82617794981019 37.475221256752995),51036600200,-77.82617794981019,37.475221256752995,-77.82617795,37.47522126
298,51145500102,51036600100,6,Powhatan,Charles City,-77.1917213,37.38472133,POINT (-77.82617794981019 37.475221256752995),51036600100,-77.82617794981019,37.475221256752995,-77.82617795,37.47522126
301,51145500202,51036600300,1,Powhatan,Charles City,-76.97673227,37.33100999,POINT (-77.9099939772165 37.51256889537168),51036600300,-77.9099939772165,37.51256889537168,-77.90999398,37.5125689
302,51145500300,51036600100,1,Powhatan,Charles City,-77.1917213,37.38472133,POINT (-77.87952951531315 37.644679796027845),51036600100,-77.87952951531315,37.644679796027845,-77.87952952,37.6446798
303,51760010201,51036600200,2,Richmond,Charles City,-77.1088509,37.38383884,POINT (-77.45650288022394 37.595666602579676),51036600200,-77.45650288022394,37.595666602579676,-77.45650288,37.5956666
305,51760010202,51036600300,1,Richmond,Charles City,-76.97673227,37.33100999,POINT (-77.47046992333708 37.58825494139683),51036600300,-77.47046992333708,37.58825494139683,-77.47046992,37.58825494
304,51760010202,51036600100,1,Richmond,Charles City,-77.1917213,37.38472133,POINT (-77.47046992333708 37.58825494139683),51036600100,-77.47046992333708,37.58825494139683,-77.47046992,37.58825494
306,51760010401,51036600300,2,Richmond,Charles City,-76.97673227,37.33100999,POINT (-77.45359412418883 37.58808446963167),51036600300,-77.45359412418883,37.58808446963167,-77.45359412,37.58808447
308,51760010600,51036600300,1,Richmond,Charles City,-76.97673227,37.33100999,POINT (-77.44178702645542 37.57199038537702),51036600300,-77.44178702645542,37.57199038537702,-77.44178703,37.57199039
307,51760010600,51036600100,2,Richmond,Charles City,-77.1917213,37.38472133,POINT (-77.44178702645542 37.57199038537702),51036600100,-77.44178702645542,37.57199038537702,-77.44178703,37.57199039
310,51760010700,51036600300,1,Richmond,Charles City,-76.97673227,37.33100999,POINT (-77.42996025001852 37.574418233366096),51036600300,-77.42996025001852,37.574418233366096,-77.42996025,37.57441823
309,51760010700,51036600200,4,Richmond,Charles City,-77.1088509,37.38383884,POINT (-77.42996025001852 37.574418233366096),51036600200,-77.42996025001852,37.574418233366096,-77.42996025,37.57441823
311,51760010900,51036600200,2,Richmond,Charles City,-77.1088509,37.38383884,POINT (-77.41765283918524 37.56396963003078),51036600200,-77.41765283918524,37.56396963003078,-77.41765284,37.56396963
312,51760011000,51036600200,1,Richmond,Charles City,-77.1088509,37.38383884,POINT (-77.42977247186138 37.56257549498293),51036600200,-77.42977247186138,37.56257549498293,-77.42977247,37.56257549
313,51760011100,51036600300,1,Richmond,Charles City,-76.97673227,37.33100999,POINT (-77.44428732755314 37.56218053092574),51036600300,-77.44428732755314,37.56218053092574,-77.44428733,37.56218053
314,51760020501,51036600100,2,Richmond,Charles City,-77.1917213,37.38472133,POINT (-77.42432478984946 37.53226452718117),51036600100,-77.42432478984946,37.53226452718117,-77.42432479,37.53226453
315,51760020502,51036600100,1,Richmond,Charles City,-77.1917213,37.38472133,POINT (-77.4224715350468 37.53444057831497),51036600100,-77.4224715350468,37.53444057831497,-77.42247154,37.53444058
316,51760020600,51036600200,2,Richmond,Charles City,-77.1088509,37.38383884,POINT (-77.41569156853424 37.5333947831075),51036600200,-77.41569156853424,37.5333947831075,-77.41569157,37.53339478
318,51760021000,51036600300,3,Richmond,Charles City,-76.97673227,37.33100999,POINT (-77.39480781083584 37.52040872850082),51036600300,-77.39480781083584,37.52040872850082,-77.39480781,37.52040873
317,51760021000,51036600100,1,Richmond,Charles City,-77.1917213,37.38472133,POINT (-77.39480781083584 37.52040872850082),51036600100,-77.39480781083584,37.52040872850082,-77.39480781,37.52040873
320,51760021100,51036600300,1,Richmond,Charles City,-76.97673227,37.33100999,POINT (-77.40724566476682 37.519373395482525),51036600300,-77.40724566476682,37.519373395482525,-77.40724566,37.5193734
319,51760021100,51036600200,3,Richmond,Charles City,-77.1088509,37.38383884,POINT (-77.40724566476682 37.519373395482525),51036600200,-77.40724566476682,37.519373395482525,-77.40724566,37.5193734
321,51760021200,51036600100,1,Richmond,Charles City,-77.1917213,37.38472133,POINT (-77.40017832767842 37.511266464638986),51036600100,-77.40017832767842,37.511266464638986,-77.40017833,37.51126646
322,51760030100,51036600200,1,Richmond,Charles City,-77.1088509,37.38383884,POINT (-77.43516262099989 37.55251664358767),51036600200,-77.43516262099989,37.55251664358767,-77.43516262,37.55251664
325,51760030200,51036600300,13,Richmond,Charles City,-76.97673227,37.33100999,POINT (-77.43607584835716 37.54572967909836),51036600300,-77.43607584835716,37.54572967909836,-77.43607585,37.54572968
324,51760030200,51036600200,15,Richmond,Charles City,-77.1088509,37.38383884,POINT (-77.43607584835716 37.54572967909836),51036600200,-77.43607584835716,37.54572967909836,-77.43607585,37.54572968
323,51760030200,51036600100,20,Richmond,Charles City,-77.1917213,37.38472133,POINT (-77.43607584835716 37.54572967909836),51036600100,-77.43607584835716,37.54572967909836,-77.43607585,37.54572968
328,51760030501,51036600300,7,Richmond,Charles City,-76.97673227,37.33100999,POINT (-77.44395445136658 37.543575006689444),51036600300,-77.44395445136658,37.543575006689444,-77.44395445,37.54357501
327,51760030501,51036600200,4,Richmond,Charles City,-77.1088509,37.38383884,POINT (-77.44395445136658 37.543575006689444),51036600200,-77.44395445136658,37.543575006689444,-77.44395445,37.54357501
326,51760030501,51036600100,3,Richmond,Charles City,-77.1917213,37.38472133,POINT (-77.44395445136658 37.543575006689444),51036600100,-77.44395445136658,37.543575006689444,-77.44395445,37.54357501
331,51760030502,51036600300,24,Richmond,Charles City,-76.97673227,37.33100999,POINT (-77.43921046804147 37.5360340954292),51036600300,-77.43921046804147,37.5360340954292,-77.43921047,37.5360341
330,51760030502,51036600200,26,Richmond,Charles City,-77.1088509,37.38383884,POINT (-77.43921046804147 37.5360340954292),51036600200,-77.43921046804147,37.5360340954292,-77.43921047,37.5360341
329,51760030502,51036600100,29,Richmond,Charles City,-77.1917213,37.38472133,POINT (-77.43921046804147 37.5360340954292),51036600100,-77.43921046804147,37.5360340954292,-77.43921047,37.5360341
333,51760040201,51036600200,1,Richmond,Charles City,-77.1088509,37.38383884,POINT (-77.44925810279899 37.55331439498033),51036600200,-77.44925810279899,37.55331439498033,-77.4492581,37.55331439
332,51760040201,51036600100,3,Richmond,Charles City,-77.1917213,37.38472133,POINT (-77.44925810279899 37.55331439498033),51036600100,-77.44925810279899,37.55331439498033,-77.4492581,37.55331439
336,51760040202,51036600300,6,Richmond,Charles City,-76.97673227,37.33100999,POINT (-77.46392169773196 37.56693610731649),51036600300,-77.46392169773196,37.56693610731649,-77.4639217,37.56693611
335,51760040202,51036600200,17,Richmond,Charles City,-77.1088509,37.38383884,POINT (-77.46392169773196 37.56693610731649),51036600200,-77.46392169773196,37.56693610731649,-77.4639217,37.56693611
334,51760040202,51036600100,15,Richmond,Charles City,-77.1917213,37.38472133,POINT (-77.46392169773196 37.56693610731649),51036600100,-77.46392169773196,37.56693610731649,-77.4639217,37.56693611
337,51760040300,51036600100,4,Richmond,Charles City,-77.1917213,37.38472133,POINT (-77.45193566977434 37.54672557048918),51036600100,-77.45193566977434,37.54672557048918,-77.45193567,37.54672557
338,51760040400,51036600100,1,Richmond,Charles City,-77.1917213,37.38472133,POINT (-77.45772208591893 37.55113571767127),51036600100,-77.45772208591893,37.55113571767127,-77.45772209,37.55113572
340,51760040500,51036600300,1,Richmond,Charles City,-76.97673227,37.33100999,POINT (-77.46637051308117 37.557335710999055),51036600300,-77.46637051308117,37.557335710999055,-77.46637051,37.55733571
339,51760040500,51036600200,3,Richmond,Charles City,-77.1088509,37.38383884,POINT (-77.46637051308117 37.557335710999055),51036600200,-77.46637051308117,37.557335710999055,-77.46637051,37.55733571
341,51760040700,51036600200,2,Richmond,Charles City,-77.1088509,37.38383884,POINT (-77.48055806134057 37.563463603834165),51036600200,-77.48055806134057,37.563463603834165,-77.48055806,37.5634636
343,51760040800,51036600200,5,Richmond,Charles City,-77.1088509,37.38383884,POINT (-77.48546706621882 37.55645467855522),51036600200,-77.48546706621882,37.55645467855522,-77.48546707,37.55645468
342,51760040800,51036600100,2,Richmond,Charles City,-77.1917213,37.38472133,POINT (-77.48546706621882 37.55645467855522),51036600100,-77.48546706621882,37.55645467855522,-77.48546707,37.55645468
345,51760041100,51036600300,2,Richmond,Charles City,-76.97673227,37.33100999,POINT (-77.4666864096468 37.54860047643447),51036600300,-77.4666864096468,37.54860047643447,-77.46668641,37.54860048
344,51760041100,51036600100,2,Richmond,Charles City,-77.1917213,37.38472133,POINT (-77.4666864096468 37.54860047643447),51036600100,-77.4666864096468,37.54860047643447,-77.46668641,37.54860048
347,51760041300,51036600300,1,Richmond,Charles City,-76.97673227,37.33100999,POINT (-77.46431434065566 37.534890794743035),51036600300,-77.46431434065566,37.534890794743035,-77.46431434,37.53489079
346,51760041300,51036600200,1,Richmond,Charles City,-77.1088509,37.38383884,POINT (-77.46431434065566 37.534890794743035),51036600200,-77.46431434065566,37.534890794743035,-77.46431434,37.53489079
350,51760050100,51036600300,1,Richmond,Charles City,-76.97673227,37.33100999,POINT (-77.48460674881123 37.570222070507945),51036600300,-77.48460674881123,37.570222070507945,-77.48460675,37.57022207
349,51760050100,51036600200,1,Richmond,Charles City,-77.1088509,37.38383884,POINT (-77.48460674881123 37.570222070507945),51036600200,-77.48460674881123,37.570222070507945,-77.48460675,37.57022207
348,51760050100,51036600100,5,Richmond,Charles City,-77.1917213,37.38472133,POINT (-77.48460674881123 37.570222070507945),51036600100,-77.48460674881123,37.570222070507945,-77.48460675,37.57022207
351,51760050300,51036600100,1,Richmond,Charles City,-77.1917213,37.38472133,POINT (-77.49769408890585 37.56237785228033),51036600100,-77.49769408890585,37.56237785228033,-77.49769409,37.56237785
352,51760050400,51036600300,3,Richmond,Charles City,-76.97673227,37.33100999,POINT (-77.51015578458795 37.573135204681314),51036600300,-77.51015578458795,37.573135204681314,-77.51015578,37.5731352
355,51760050500,51036600300,2,Richmond,Charles City,-76.97673227,37.33100999,POINT (-77.5297416752393 37.57773394851894),51036600300,-77.5297416752393,37.57773394851894,-77.52974168,37.57773395
354,51760050500,51036600200,1,Richmond,Charles City,-77.1088509,37.38383884,POINT (-77.5297416752393 37.57773394851894),51036600200,-77.5297416752393,37.57773394851894,-77.52974168,37.57773395
353,51760050500,51036600100,4,Richmond,Charles City,-77.1917213,37.38472133,POINT (-77.5297416752393 37.57773394851894),51036600100,-77.5297416752393,37.57773394851894,-77.52974168,37.57773395
356,51760050600,51036600300,1,Richmond,Charles City,-76.97673227,37.33100999,POINT (-77.5078264424167 37.55540178699026),51036600300,-77.5078264424167,37.55540178699026,-77.50782644,37.55540179
358,51760060200,51036600200,6,Richmond,Charles City,-77.1088509,37.38383884,POINT (-77.44002447697358 37.512056597600996),51036600200,-77.44002447697358,37.512056597600996,-77.44002448,37.5120566
357,51760060200,51036600100,4,Richmond,Charles City,-77.1917213,37.38472133,POINT (-77.44002447697358 37.512056597600996),51036600100,-77.44002447697358,37.512056597600996,-77.44002448,37.5120566
360,51760060400,51036600200,1,Richmond,Charles City,-77.1088509,37.38383884,POINT (-77.46536276647035 37.510540762255225),51036600200,-77.46536276647035,37.510540762255225,-77.46536277,37.51054076
359,51760060400,51036600100,1,Richmond,Charles City,-77.1917213,37.38472133,POINT (-77.46536276647035 37.510540762255225),51036600100,-77.46536276647035,37.510540762255225,-77.46536277,37.51054076
363,51760060700,51036600300,1,Richmond,Charles City,-76.97673227,37.33100999,POINT (-77.43573924717468 37.5061235779819),51036600300,-77.43573924717468,37.5061235779819,-77.43573925,37.50612358
362,51760060700,51036600200,1,Richmond,Charles City,-77.1088509,37.38383884,POINT (-77.43573924717468 37.5061235779819),51036600200,-77.43573924717468,37.5061235779819,-77.43573925,37.50612358
361,51760060700,51036600100,3,Richmond,Charles City,-77.1917213,37.38472133,POINT (-77.43573924717468 37.5061235779819),51036600100,-77.43573924717468,37.5061235779819,-77.43573925,37.50612358
366,51760060800,51036600300,6,Richmond,Charles City,-76.97673227,37.33100999,POINT (-77.43153703393311 37.47726521797427),51036600300,-77.43153703393311,37.47726521797427,-77.43153703,37.47726522
365,51760060800,51036600200,18,Richmond,Charles City,-77.1088509,37.38383884,POINT (-77.43153703393311 37.47726521797427),51036600200,-77.43153703393311,37.47726521797427,-77.43153703,37.47726522
364,51760060800,51036600100,9,Richmond,Charles City,-77.1917213,37.38472133,POINT (-77.43153703393311 37.47726521797427),51036600100,-77.43153703393311,37.47726521797427,-77.43153703,37.47726522
369,51760060900,51036600300,2,Richmond,Charles City,-76.97673227,37.33100999,POINT (-77.43819342675272 37.463894420972004),51036600300,-77.43819342675272,37.463894420972004,-77.43819343,37.46389442
368,51760060900,51036600200,2,Richmond,Charles City,-77.1088509,37.38383884,POINT (-77.43819342675272 37.463894420972004),51036600200,-77.43819342675272,37.463894420972004,-77.43819343,37.46389442
367,51760060900,51036600100,6,Richmond,Charles City,-77.1917213,37.38472133,POINT (-77.43819342675272 37.463894420972004),51036600100,-77.43819342675272,37.463894420972004,-77.43819343,37.46389442
371,51760061001,51036600300,2,Richmond,Charles City,-76.97673227,37.33100999,POINT (-77.4502761242083 37.52204096225397),51036600300,-77.4502761242083,37.52204096225397,-77.45027612,37.52204096
370,51760061001,51036600200,3,Richmond,Charles City,-77.1088509,37.38383884,POINT (-77.4502761242083 37.52204096225397),51036600200,-77.4502761242083,37.52204096225397,-77.45027612,37.52204096
374,51760061002,51036600300,5,Richmond,Charles City,-76.97673227,37.33100999,POINT (-77.43947252998339 37.52581856918993),51036600300,-77.43947252998339,37.52581856918993,-77.43947253,37.52581857
373,51760061002,51036600200,4,Richmond,Charles City,-77.1088509,37.38383884,POINT (-77.43947252998339 37.52581856918993),51036600200,-77.43947252998339,37.52581856918993,-77.43947253,37.52581857
372,51760061002,51036600100,7,Richmond,Charles City,-77.1917213,37.38472133,POINT (-77.43947252998339 37.52581856918993),51036600100,-77.43947252998339,37.52581856918993,-77.43947253,37.52581857
377,51760070100,51036600300,3,Richmond,Charles City,-76.97673227,37.33100999,POINT (-77.5747507092733 37.546533877920794),51036600300,-77.5747507092733,37.546533877920794,-77.57475071,37.54653388
376,51760070100,51036600200,3,Richmond,Charles City,-77.1088509,37.38383884,POINT (-77.5747507092733 37.546533877920794),51036600200,-77.5747507092733,37.546533877920794,-77.57475071,37.54653388
375,51760070100,51036600100,1,Richmond,Charles City,-77.1917213,37.38472133,POINT (-77.5747507092733 37.546533877920794),51036600100,-77.5747507092733,37.546533877920794,-77.57475071,37.54653388
378,51760070400,51036600200,1,Richmond,Charles City,-77.1088509,37.38383884,POINT (-77.52289864325535 37.544028871039735),51036600200,-77.52289864325535,37.544028871039735,-77.52289864,37.54402887
380,51760070601,51036600200,2,Richmond,Charles City,-77.1088509,37.38383884,POINT (-77.49295087591899 37.50001786905895),51036600200,-77.49295087591899,37.50001786905895,-77.49295088,37.50001787
379,51760070601,51036600100,1,Richmond,Charles City,-77.1917213,37.38472133,POINT (-77.49295087591899 37.50001786905895),51036600100,-77.49295087591899,37.50001786905895,-77.49295088,37.50001787
381,51760070602,51036600100,4,Richmond,Charles City,-77.1917213,37.38472133,POINT (-77.47678104929807 37.497954119998944),51036600100,-77.47678104929807,37.497954119998944,-77.47678105,37.49795412
382,51760070700,51036600100,1,Richmond,Charles City,-77.1917213,37.38472133,POINT (-77.50872832691527 37.491523824369565),51036600100,-77.50872832691527,37.491523824369565,-77.50872833,37.49152382
384,51760070802,51036600200,2,Richmond,Charles City,-77.1088509,37.38383884,POINT (-77.47743608069756 37.46934392786575),51036600200,-77.47743608069756,37.46934392786575,-77.47743608,37.46934393
383,51760070802,51036600100,1,Richmond,Charles City,-77.1917213,37.38472133,POINT (-77.47743608069756 37.46934392786575),51036600100,-77.47743608069756,37.46934392786575,-77.47743608,37.46934393
387,51760070902,51036600300,1,Richmond,Charles City,-76.97673227,37.33100999,POINT (-77.45964131855692 37.49121274982851),51036600300,-77.45964131855692,37.49121274982851,-77.45964132,37.49121275
386,51760070902,51036600200,6,Richmond,Charles City,-77.1088509,37.38383884,POINT (-77.45964131855692 37.49121274982851),51036600200,-77.45964131855692,37.49121274982851,-77.45964132,37.49121275
385,51760070902,51036600100,8,Richmond,Charles City,-77.1917213,37.38472133,POINT (-77.45964131855692 37.49121274982851),51036600100,-77.45964131855692,37.49121274982851,-77.45964132,37.49121275
388,51760071003,51036600100,2,Richmond,Charles City,-77.1917213,37.38472133,POINT (-77.51331266576501 37.511619267041425),51036600100,-77.51331266576501,37.511619267041425,-77.51331267,37.51161927
391,51760071004,51036600300,2,Richmond,Charles City,-76.97673227,37.33100999,POINT (-77.52140918967925 37.50809808484289),51036600300,-77.52140918967925,37.50809808484289,-77.52140919,37.50809808
390,51760071004,51036600200,1,Richmond,Charles City,-77.1088509,37.38383884,POINT (-77.52140918967925 37.50809808484289),51036600200,-77.52140918967925,37.50809808484289,-77.52140919,37.50809808
389,51760071004,51036600100,1,Richmond,Charles City,-77.1917213,37.38472133,POINT (-77.52140918967925 37.50809808484289),51036600100,-77.52140918967925,37.50809808484289,-77.52140919,37.50809808
