w_tract,h_tract,workers,h_county,HomeX,HomeY,w_county,WorkX,WorkY
51036600100,51127700100,51,New Kent County,-77.15258488,37.55150403,Charles City County,-77.1917213,37.38472133
51036600100,51127700200,58,New Kent County,-77.0683817,37.51758466,Charles City County,-77.1917213,37.38472133
51036600100,51127700301,33,New Kent County,-76.96241525,37.44593983,Charles City County,-77.1917213,37.38472133
51036600100,51127700302,14,New Kent County,-76.8819588,37.50599597,Charles City County,-77.1917213,37.38472133
51036600200,51127700100,5,New Kent County,-77.15258488,37.55150403,Charles City County,-77.1088509,37.38383884
51036600200,51127700200,8,New Kent County,-77.0683817,37.51758466,Charles City County,-77.1088509,37.38383884
51036600200,51127700301,2,New Kent County,-76.96241525,37.44593983,Charles City County,-77.1088509,37.38383884
51036600200,51127700302,4,New Kent County,-76.8819588,37.50599597,Charles City County,-77.1088509,37.38383884
51036600300,51127700100,6,New Kent County,-77.15258488,37.55150403,Charles City County,-76.97673227,37.33100999
51036600300,51127700200,10,New Kent County,-77.0683817,37.51758466,Charles City County,-76.97673227,37.33100999
51036600300,51127700301,13,New Kent County,-76.96241525,37.44593983,Charles City County,-76.97673227,37.33100999
51036600300,51127700302,3,New Kent County,-76.8819588,37.50599597,Charles City County,-76.97673227,37.33100999
51041100107,51127700100,22,New Kent County,-77.15258488,37.55150403,Chesterfield County,-77.53518917,37.50805197
51041100107,51127700200,16,New Kent County,-77.0683817,37.51758466,Chesterfield County,-77.53518917,37.50805197
51041100107,51127700301,10,New Kent County,-76.96241525,37.44593983,Chesterfield County,-77.53518917,37.50805197
51041100107,51127700302,6,New Kent County,-76.8819588,37.50599597,Chesterfield County,-77.53518917,37.50805197
51041100206,51127700100,2,New Kent County,-77.15258488,37.55150403,Chesterfield County,-77.5334907,37.45477273
51041100206,51127700200,1,New Kent County,-77.0683817,37.51758466,Chesterfield County,-77.5334907,37.45477273
51041100206,51127700302,1,New Kent County,-76.8819588,37.50599597,Chesterfield County,-77.5334907,37.45477273
51041100208,51127700200,1,New Kent County,-77.0683817,37.51758466,Chesterfield County,-77.5681237,37.45977159
51041100208,51127700302,1,New Kent County,-76.8819588,37.50599597,Chesterfield County,-77.5681237,37.45977159
51041100209,51127700301,1,New Kent County,-76.96241525,37.44593983,Chesterfield County,-77.54383141,37.47720254
51041100211,51127700100,1,New Kent County,-77.15258488,37.55150403,Chesterfield County,-77.51523352,37.46884745
51041100300,51127700100,18,New Kent County,-77.15258488,37.55150403,Chesterfield County,-77.44072057,37.45041861
51041100300,51127700200,8,New Kent County,-77.0683817,37.51758466,Chesterfield County,-77.44072057,37.45041861
51041100300,51127700301,5,New Kent County,-76.96241525,37.44593983,Chesterfield County,-77.44072057,37.45041861
51041100300,51127700302,8,New Kent County,-76.8819588,37.50599597,Chesterfield County,-77.44072057,37.45041861
51041100403,51127700100,56,New Kent County,-77.15258488,37.55150403,Chesterfield County,-77.34009923,37.36551726
51041100403,51127700200,66,New Kent County,-77.0683817,37.51758466,Chesterfield County,-77.34009923,37.36551726
51041100403,51127700301,28,New Kent County,-76.96241525,37.44593983,Chesterfield County,-77.34009923,37.36551726
51041100403,51127700302,23,New Kent County,-76.8819588,37.50599597,Chesterfield County,-77.34009923,37.36551726
51041100404,51127700200,3,New Kent County,-77.0683817,37.51758466,Chesterfield County,-77.43318582,37.423395
51041100406,51127700100,1,New Kent County,-77.15258488,37.55150403,Chesterfield County,-77.44553256,37.41976492
51041100406,51127700200,4,New Kent County,-77.0683817,37.51758466,Chesterfield County,-77.44553256,37.41976492
51041100406,51127700302,2,New Kent County,-76.8819588,37.50599597,Chesterfield County,-77.44553256,37.41976492
51041100407,51127700100,3,New Kent County,-77.15258488,37.55150403,Chesterfield County,-77.43519495,37.39367918
51041100407,51127700200,1,New Kent County,-77.0683817,37.51758466,Chesterfield County,-77.43519495,37.39367918
51041100407,51127700301,1,New Kent County,-76.96241525,37.44593983,Chesterfield County,-77.43519495,37.39367918
51041100407,51127700302,1,New Kent County,-76.8819588,37.50599597,Chesterfield County,-77.43519495,37.39367918
51041100409,51127700100,4,New Kent County,-77.15258488,37.55150403,Chesterfield County,-77.42961382,37.3696818
51041100409,51127700200,7,New Kent County,-77.0683817,37.51758466,Chesterfield County,-77.42961382,37.3696818
51041100409,51127700301,3,New Kent County,-76.96241525,37.44593983,Chesterfield County,-77.42961382,37.3696818
51041100410,51127700100,3,New Kent County,-77.15258488,37.55150403,Chesterfield County,-77.45365971,37.35954334
51041100410,51127700301,2,New Kent County,-76.96241525,37.44593983,Chesterfield County,-77.45365971,37.35954334
51041100505,51127700100,6,New Kent County,-77.15258488,37.55150403,Chesterfield County,-77.43662449,37.34661541
51041100505,51127700200,5,New Kent County,-77.0683817,37.51758466,Chesterfield County,-77.43662449,37.34661541
51041100505,51127700301,4,New Kent County,-76.96241525,37.44593983,Chesterfield County,-77.43662449,37.34661541
51041100505,51127700302,2,New Kent County,-76.8819588,37.50599597,Chesterfield County,-77.43662449,37.34661541
51041100506,51127700100,3,New Kent County,-77.15258488,37.55150403,Chesterfield County,-77.41415866,37.32218428
51041100506,51127700200,4,New Kent County,-77.0683817,37.51758466,Chesterfield County,-77.41415866,37.32218428
51041100508,51127700200,3,New Kent County,-77.0683817,37.51758466,Chesterfield County,-77.41493663,37.3012045
51041100509,51127700100,28,New Kent County,-77.15258488,37.55150403,Chesterfield County,-77.37201415,37.31882739
51041100509,51127700200,17,New Kent County,-77.0683817,37.51758466,Chesterfield County,-77.37201415,37.31882739
51041100509,51127700301,3,New Kent County,-76.96241525,37.44593983,Chesterfield County,-77.37201415,37.31882739
51041100509,51127700302,5,New Kent County,-76.8819588,37.50599597,Chesterfield County,-77.37201415,37.31882739
51041100510,51127700100,4,New Kent County,-77.15258488,37.55150403,Chesterfield County,-77.32318296,37.32181582
51041100510,51127700301,7,New Kent County,-76.96241525,37.44593983,Chesterfield County,-77.32318296,37.32181582
51041100600,51127700200,1,New Kent County,-77.0683817,37.51758466,Chesterfield County,-77.42319043,37.24154169
51041100701,51127700100,4,New Kent County,-77.15258488,37.55150403,Chesterfield County,-77.44977765,37.23958262
51041100705,51127700302,1,New Kent County,-76.8819588,37.50599597,Chesterfield County,-77.54650989,37.30209467
51041100804,51127700301,2,New Kent County,-76.96241525,37.44593983,Chesterfield County,-77.46922264,37.45119552
51041100805,51127700100,1,New Kent County,-77.15258488,37.55150403,Chesterfield County,-77.4843688,37.43053405
51041100805,51127700200,1,New Kent County,-77.0683817,37.51758466,Chesterfield County,-77.4843688,37.43053405
51041100805,51127700301,2,New Kent County,-76.96241525,37.44593983,Chesterfield County,-77.4843688,37.43053405
51041100806,51127700100,5,New Kent County,-77.15258488,37.55150403,Chesterfield County,-77.46446226,37.43376974
51041100806,51127700301,5,New Kent County,-76.96241525,37.44593983,Chesterfield County,-77.46446226,37.43376974
51041100812,51127700100,2,New Kent County,-77.15258488,37.55150403,Chesterfield County,-77.57030314,37.42885868
51041100814,51127700200,1,New Kent County,-77.0683817,37.51758466,Chesterfield County,-77.49516004,37.40390745
51041100814,51127700302,1,New Kent County,-76.8819588,37.50599597,Chesterfield County,-77.49516004,37.40390745
51041100815,51127700100,1,New Kent County,-77.15258488,37.55150403,Chesterfield County,-77.46936866,37.4035199
51041100817,51127700100,20,New Kent County,-77.15258488,37.55150403,Chesterfield County,-77.49978556,37.38463151
51041100817,51127700200,21,New Kent County,-77.0683817,37.51758466,Chesterfield County,-77.49978556,37.38463151
51041100817,51127700301,10,New Kent County,-76.96241525,37.44593983,Chesterfield County,-77.49978556,37.38463151
51041100817,51127700302,9,New Kent County,-76.8819588,37.50599597,Chesterfield County,-77.49978556,37.38463151
51041100818,51127700100,3,New Kent County,-77.15258488,37.55150403,Chesterfield County,-77.54229628,37.42866875
51041100819,51127700100,1,New Kent County,-77.15258488,37.55150403,Chesterfield County,-77.50968155,37.43754339
51041100819,51127700200,1,New Kent County,-77.0683817,37.51758466,Chesterfield County,-77.50968155,37.43754339
51041100819,51127700301,1,New Kent County,-76.96241525,37.44593983,Chesterfield County,-77.50968155,37.43754339
51041100820,51127700100,8,New Kent County,-77.15258488,37.55150403,Chesterfield County,-77.52097119,37.41250194
51041100820,51127700200,1,New Kent County,-77.0683817,37.51758466,Chesterfield County,-77.52097119,37.41250194
51041100820,51127700301,4,New Kent County,-76.96241525,37.44593983,Chesterfield County,-77.52097119,37.41250194
51041100820,51127700302,4,New Kent County,-76.8819588,37.50599597,Chesterfield County,-77.52097119,37.41250194
51041100821,51127700100,8,New Kent County,-77.15258488,37.55150403,Chesterfield County,-77.56965311,37.36559954
51041100821,51127700200,1,New Kent County,-77.0683817,37.51758466,Chesterfield County,-77.56965311,37.36559954
51041100822,51127700100,5,New Kent County,-77.15258488,37.55150403,Chesterfield County,-77.49261723,37.33063493
51041100822,51127700200,4,New Kent County,-77.0683817,37.51758466,Chesterfield County,-77.49261723,37.33063493
51041100822,51127700301,4,New Kent County,-76.96241525,37.44593983,Chesterfield County,-77.49261723,37.33063493
51041100822,51127700302,1,New Kent County,-76.8819588,37.50599597,Chesterfield County,-77.49261723,37.33063493
51041100823,51127700100,2,New Kent County,-77.15258488,37.55150403,Chesterfield County,-77.47619773,37.36556589
51041100823,51127700200,6,New Kent County,-77.0683817,37.51758466,Chesterfield County,-77.47619773,37.36556589
51041100823,51127700302,2,New Kent County,-76.8819588,37.50599597,Chesterfield County,-77.47619773,37.36556589
51041100902,51127700100,4,New Kent County,-77.15258488,37.55150403,Chesterfield County,-77.56921858,37.53045113
51041100902,51127700200,1,New Kent County,-77.0683817,37.51758466,Chesterfield County,-77.56921858,37.53045113
51041100907,51127700100,2,New Kent County,-77.15258488,37.55150403,Chesterfield County,-77.56475993,37.50674144
51041100907,51127700200,2,New Kent County,-77.0683817,37.51758466,Chesterfield County,-77.56475993,37.50674144
51041100907,51127700301,2,New Kent County,-76.96241525,37.44593983,Chesterfield County,-77.56475993,37.50674144
51041100910,51127700100,2,New Kent County,-77.15258488,37.55150403,Chesterfield County,-77.58335284,37.47501371
51041100912,51127700100,1,New Kent County,-77.15258488,37.55150403,Chesterfield County,-77.65287453,37.43553501
51041100912,51127700301,5,New Kent County,-76.96241525,37.44593983,Chesterfield County,-77.65287453,37.43553501
51041100912,51127700302,3,New Kent County,-76.8819588,37.50599597,Chesterfield County,-77.65287453,37.43553501
51041100915,51127700100,6,New Kent County,-77.15258488,37.55150403,Chesterfield County,-77.63418207,37.50948349
51041100915,51127700200,5,New Kent County,-77.0683817,37.51758466,Chesterfield County,-77.63418207,37.50948349
51041100915,51127700301,5,New Kent County,-76.96241525,37.44593983,Chesterfield County,-77.63418207,37.50948349
51041100915,51127700302,1,New Kent County,-76.8819588,37.50599597,Chesterfield County,-77.63418207,37.50948349
51041100919,51127700100,18,New Kent County,-77.15258488,37.55150403,Chesterfield County,-77.61338001,37.44792263
51041100919,51127700200,4,New Kent County,-77.0683817,37.51758466,Chesterfield County,-77.61338001,37.44792263
51041100919,51127700302,4,New Kent County,-76.8819588,37.50599597,Chesterfield County,-77.61338001,37.44792263
51041100920,51127700100,13,New Kent County,-77.15258488,37.55150403,Chesterfield County,-77.60239076,37.5124001
51041100920,51127700200,3,New Kent County,-77.0683817,37.51758466,Chesterfield County,-77.60239076,37.5124001
51041100920,51127700301,8,New Kent County,-76.96241525,37.44593983,Chesterfield County,-77.60239076,37.5124001
51041100920,51127700302,7,New Kent County,-76.8819588,37.50599597,Chesterfield County,-77.60239076,37.5124001
51041100921,51127700302,2,New Kent County,-76.8819588,37.50599597,Chesterfield County,-77.58687364,37.51932041
51041100922,51127700100,16,New Kent County,-77.15258488,37.55150403,Chesterfield County,-77.58524418,37.4964871
51041100922,51127700200,23,New Kent County,-77.0683817,37.51758466,Chesterfield County,-77.58524418,37.4964871
51041100922,51127700301,15,New Kent County,-76.96241525,37.44593983,Chesterfield County,-77.58524418,37.4964871
51041100922,51127700302,3,New Kent County,-76.8819588,37.50599597,Chesterfield County,-77.58524418,37.4964871
51041100923,51127700100,3,New Kent County,-77.15258488,37.55150403,Chesterfield County,-77.55905676,37.48625306
51041100923,51127700200,2,New Kent County,-77.0683817,37.51758466,Chesterfield County,-77.55905676,37.48625306
51041100923,51127700301,3,New Kent County,-76.96241525,37.44593983,Chesterfield County,-77.55905676,37.48625306
51041100924,51127700100,13,New Kent County,-77.15258488,37.55150403,Chesterfield County,-77.69061582,37.52010733
51041100924,51127700200,3,New Kent County,-77.0683817,37.51758466,Chesterfield County,-77.69061582,37.52010733
51041100924,51127700301,2,New Kent County,-76.96241525,37.44593983,Chesterfield County,-77.69061582,37.52010733
51041100924,51127700302,1,New Kent County,-76.8819588,37.50599597,Chesterfield County,-77.69061582,37.52010733
51041100926,51127700100,3,New Kent County,-77.15258488,37.55150403,Chesterfield County,-77.62368907,37.54395099
51041100926,51127700301,1,New Kent County,-76.96241525,37.44593983,Chesterfield County,-77.62368907,37.54395099
51041100928,51127700100,16,New Kent County,-77.15258488,37.55150403,Chesterfield County,-77.67962214,37.48918829
51041100928,51127700200,7,New Kent County,-77.0683817,37.51758466,Chesterfield County,-77.67962214,37.48918829
51041100928,51127700301,1,New Kent County,-76.96241525,37.44593983,Chesterfield County,-77.67962214,37.48918829
51041100928,51127700302,4,New Kent County,-76.8819588,37.50599597,Chesterfield County,-77.67962214,37.48918829
51041100929,51127700100,1,New Kent County,-77.15258488,37.55150403,Chesterfield County,-77.6442745,37.47635305
51041100930,51127700301,1,New Kent County,-76.96241525,37.44593983,Chesterfield County,-77.63588052,37.49078574
51041100931,51127700100,5,New Kent County,-77.15258488,37.55150403,Chesterfield County,-77.61411449,37.4880354
51041100931,51127700200,1,New Kent County,-77.0683817,37.51758466,Chesterfield County,-77.61411449,37.4880354
51041100931,51127700301,2,New Kent County,-76.96241525,37.44593983,Chesterfield County,-77.61411449,37.4880354
51041100932,51127700302,3,New Kent County,-76.8819588,37.50599597,Chesterfield County,-77.611221,37.46860746
51041100933,51127700301,1,New Kent County,-76.96241525,37.44593983,Chesterfield County,-77.61684396,37.42100436
51041100934,51127700100,4,New Kent County,-77.15258488,37.55150403,Chesterfield County,-77.59630337,37.42636183
51041100934,51127700301,1,New Kent County,-76.96241525,37.44593983,Chesterfield County,-77.59630337,37.42636183
51041100934,51127700302,2,New Kent County,-76.8819588,37.50599597,Chesterfield County,-77.59630337,37.42636183
51041100935,51127700100,1,New Kent County,-77.15258488,37.55150403,Chesterfield County,-77.6593808,37.53790701
51041100937,51127700100,4,New Kent County,-77.15258488,37.55150403,Chesterfield County,-77.65752559,37.45437077
51041100937,51127700200,3,New Kent County,-77.0683817,37.51758466,Chesterfield County,-77.65752559,37.45437077
51041100937,51127700301,2,New Kent County,-76.96241525,37.44593983,Chesterfield County,-77.65752559,37.45437077
51041100938,51127700100,2,New Kent County,-77.15258488,37.55150403,Chesterfield County,-77.71174779,37.47590889
51041100938,51127700200,1,New Kent County,-77.0683817,37.51758466,Chesterfield County,-77.71174779,37.47590889
51041101004,51127700100,2,New Kent County,-77.15258488,37.55150403,Chesterfield County,-77.73903567,37.33506438
51041101007,51127700100,5,New Kent County,-77.15258488,37.55150403,Chesterfield County,-77.671126,37.41933094
51041101007,51127700200,1,New Kent County,-77.0683817,37.51758466,Chesterfield County,-77.671126,37.41933094
51041101007,51127700301,3,New Kent County,-76.96241525,37.44593983,Chesterfield County,-77.671126,37.41933094
51041101007,51127700302,3,New Kent County,-76.8819588,37.50599597,Chesterfield County,-77.671126,37.41933094
51041101008,51127700100,3,New Kent County,-77.15258488,37.55150403,Chesterfield County,-77.70061951,37.41195412
51041101008,51127700301,1,New Kent County,-76.96241525,37.44593983,Chesterfield County,-77.70061951,37.41195412
51041101009,51127700100,1,New Kent County,-77.15258488,37.55150403,Chesterfield County,-77.6982259,37.38527966
51041101009,51127700200,1,New Kent County,-77.0683817,37.51758466,Chesterfield County,-77.6982259,37.38527966
51041101011,51127700100,1,New Kent County,-77.15258488,37.55150403,Chesterfield County,-77.65534393,37.3946593
51041101011,51127700301,3,New Kent County,-76.96241525,37.44593983,Chesterfield County,-77.65534393,37.3946593
51041101012,51127700100,2,New Kent County,-77.15258488,37.55150403,Chesterfield County,-77.6384137,37.4080954
51041101012,51127700200,3,New Kent County,-77.0683817,37.51758466,Chesterfield County,-77.6384137,37.4080954
51041101012,51127700301,7,New Kent County,-76.96241525,37.44593983,Chesterfield County,-77.6384137,37.4080954
51041101012,51127700302,2,New Kent County,-76.8819588,37.50599597,Chesterfield County,-77.6384137,37.4080954
51075400101,51127700100,20,New Kent County,-77.15258488,37.55150403,Goochland County,-77.68299554,37.60434673
51075400101,51127700200,12,New Kent County,-77.0683817,37.51758466,Goochland County,-77.68299554,37.60434673
51075400101,51127700301,10,New Kent County,-76.96241525,37.44593983,Goochland County,-77.68299554,37.60434673
51075400101,51127700302,9,New Kent County,-76.8819588,37.50599597,Goochland County,-77.68299554,37.60434673
51075400102,51127700100,13,New Kent County,-77.15258488,37.55150403,Goochland County,-77.68626193,37.67237945
51075400102,51127700200,8,New Kent County,-77.0683817,37.51758466,Goochland County,-77.68626193,37.67237945
51075400102,51127700301,7,New Kent County,-76.96241525,37.44593983,Goochland County,-77.68626193,37.67237945
51075400102,51127700302,3,New Kent County,-76.8819588,37.50599597,Goochland County,-77.68626193,37.67237945
51075400200,51127700100,4,New Kent County,-77.15258488,37.55150403,Goochland County,-77.79542232,37.67430492
51075400200,51127700200,5,New Kent County,-77.0683817,37.51758466,Goochland County,-77.79542232,37.67430492
51075400200,51127700302,1,New Kent County,-76.8819588,37.50599597,Goochland County,-77.79542232,37.67430492
51075400400,51127700100,1,New Kent County,-77.15258488,37.55150403,Goochland County,-77.94915119,37.72443114
51075400400,51127700200,1,New Kent County,-77.0683817,37.51758466,Goochland County,-77.94915119,37.72443114
51085320100,51127700100,3,New Kent County,-77.15258488,37.55150403,Hanover County,-77.58500006,37.88594378
51085320100,51127700200,4,New Kent County,-77.0683817,37.51758466,Hanover County,-77.58500006,37.88594378
51085320100,51127700301,2,New Kent County,-76.96241525,37.44593983,Hanover County,-77.58500006,37.88594378
51085320100,51127700302,2,New Kent County,-76.8819588,37.50599597,Hanover County,-77.58500006,37.88594378
51085320200,51127700100,1,New Kent County,-77.15258488,37.55150403,Hanover County,-77.68504133,37.80777585
51085320200,51127700200,2,New Kent County,-77.0683817,37.51758466,Hanover County,-77.68504133,37.80777585
51085320200,51127700302,1,New Kent County,-76.8819588,37.50599597,Hanover County,-77.68504133,37.80777585
51085320300,51127700302,1,New Kent County,-76.8819588,37.50599597,Hanover County,-77.6706394,37.73181814
51085320400,51127700100,37,New Kent County,-77.15258488,37.55150403,Hanover County,-77.53119038,37.72350989
51085320400,51127700200,20,New Kent County,-77.0683817,37.51758466,Hanover County,-77.53119038,37.72350989
51085320400,51127700301,19,New Kent County,-76.96241525,37.44593983,Hanover County,-77.53119038,37.72350989
51085320400,51127700302,13,New Kent County,-76.8819588,37.50599597,Hanover County,-77.53119038,37.72350989
51085320500,51127700100,4,New Kent County,-77.15258488,37.55150403,Hanover County,-77.52199663,37.77211832
51085320500,51127700302,1,New Kent County,-76.8819588,37.50599597,Hanover County,-77.52199663,37.77211832
51085320601,51127700100,31,New Kent County,-77.15258488,37.55150403,Hanover County,-77.47144709,37.77593334
51085320601,51127700200,14,New Kent County,-77.0683817,37.51758466,Hanover County,-77.47144709,37.77593334
51085320601,51127700301,10,New Kent County,-76.96241525,37.44593983,Hanover County,-77.47144709,37.77593334
51085320601,51127700302,6,New Kent County,-76.8819588,37.50599597,Hanover County,-77.47144709,37.77593334
51085320602,51127700100,12,New Kent County,-77.15258488,37.55150403,Hanover County,-77.47318377,37.74416695
51085320602,51127700200,9,New Kent County,-77.0683817,37.51758466,Hanover County,-77.47318377,37.74416695
51085320602,51127700301,12,New Kent County,-76.96241525,37.44593983,Hanover County,-77.47318377,37.74416695
51085320602,51127700302,9,New Kent County,-76.8819588,37.50599597,Hanover County,-77.47318377,37.74416695
51085320701,51127700100,1,New Kent County,-77.15258488,37.55150403,Hanover County,-77.40541715,37.75339045
51085320701,51127700301,1,New Kent County,-76.96241525,37.44593983,Hanover County,-77.40541715,37.75339045
51085320702,51127700100,5,New Kent County,-77.15258488,37.55150403,Hanover County,-77.33973544,37.72429497
51085320702,51127700200,3,New Kent County,-77.0683817,37.51758466,Hanover County,-77.33973544,37.72429497
51085320702,51127700301,1,New Kent County,-76.96241525,37.44593983,Hanover County,-77.33973544,37.72429497
51085320702,51127700302,2,New Kent County,-76.8819588,37.50599597,Hanover County,-77.33973544,37.72429497
51085320801,51127700100,55,New Kent County,-77.15258488,37.55150403,Hanover County,-77.43517464,37.72101115
51085320801,51127700200,30,New Kent County,-77.0683817,37.51758466,Hanover County,-77.43517464,37.72101115
51085320801,51127700301,9,New Kent County,-76.96241525,37.44593983,Hanover County,-77.43517464,37.72101115
51085320801,51127700302,1,New Kent County,-76.8819588,37.50599597,Hanover County,-77.43517464,37.72101115
51085320803,51127700100,3,New Kent County,-77.15258488,37.55150403,Hanover County,-77.40178469,37.67555472
51085320803,51127700301,1,New Kent County,-76.96241525,37.44593983,Hanover County,-77.40178469,37.67555472
51085320803,51127700302,1,New Kent County,-76.8819588,37.50599597,Hanover County,-77.40178469,37.67555472
51085320804,51127700100,4,New Kent County,-77.15258488,37.55150403,Hanover County,-77.42040307,37.68215954
51085320804,51127700200,5,New Kent County,-77.0683817,37.51758466,Hanover County,-77.42040307,37.68215954
51085320804,51127700301,6,New Kent County,-76.96241525,37.44593983,Hanover County,-77.42040307,37.68215954
51085320805,51127700100,5,New Kent County,-77.15258488,37.55150403,Hanover County,-77.42512268,37.6646678
51085320805,51127700200,2,New Kent County,-77.0683817,37.51758466,Hanover County,-77.42512268,37.6646678
51085320805,51127700301,1,New Kent County,-76.96241525,37.44593983,Hanover County,-77.42512268,37.6646678
51085320901,51127700100,4,New Kent County,-77.15258488,37.55150403,Hanover County,-77.35950464,37.65874207
51085320901,51127700200,8,New Kent County,-77.0683817,37.51758466,Hanover County,-77.35950464,37.65874207
51085320901,51127700301,1,New Kent County,-76.96241525,37.44593983,Hanover County,-77.35950464,37.65874207
51085320902,51127700100,51,New Kent County,-77.15258488,37.55150403,Hanover County,-77.38681578,37.63660736
51085320902,51127700200,38,New Kent County,-77.0683817,37.51758466,Hanover County,-77.38681578,37.63660736
51085320902,51127700301,18,New Kent County,-76.96241525,37.44593983,Hanover County,-77.38681578,37.63660736
51085320902,51127700302,9,New Kent County,-76.8819588,37.50599597,Hanover County,-77.38681578,37.63660736
51085321001,51127700100,10,New Kent County,-77.15258488,37.55150403,Hanover County,-77.35319382,37.62262564
51085321001,51127700200,5,New Kent County,-77.0683817,37.51758466,Hanover County,-77.35319382,37.62262564
51085321001,51127700301,1,New Kent County,-76.96241525,37.44593983,Hanover County,-77.35319382,37.62262564
51085321001,51127700302,1,New Kent County,-76.8819588,37.50599597,Hanover County,-77.35319382,37.62262564
51085321003,51127700100,7,New Kent County,-77.15258488,37.55150403,Hanover County,-77.3176218,37.62396679
51085321003,51127700200,9,New Kent County,-77.0683817,37.51758466,Hanover County,-77.3176218,37.62396679
51085321003,51127700301,6,New Kent County,-76.96241525,37.44593983,Hanover County,-77.3176218,37.62396679
51085321003,51127700302,1,New Kent County,-76.8819588,37.50599597,Hanover County,-77.3176218,37.62396679
51085321004,51127700100,3,New Kent County,-77.15258488,37.55150403,Hanover County,-77.3166095,37.6515441
51085321100,51127700100,33,New Kent County,-77.15258488,37.55150403,Hanover County,-77.38262891,37.61242252
51085321100,51127700200,25,New Kent County,-77.0683817,37.51758466,Hanover County,-77.38262891,37.61242252
51085321100,51127700301,9,New Kent County,-76.96241525,37.44593983,Hanover County,-77.38262891,37.61242252
51085321100,51127700302,1,New Kent County,-76.8819588,37.50599597,Hanover County,-77.38262891,37.61242252
51085321201,51127700100,31,New Kent County,-77.15258488,37.55150403,Hanover County,-77.32329616,37.5880924
51085321201,51127700200,11,New Kent County,-77.0683817,37.51758466,Hanover County,-77.32329616,37.5880924
51085321201,51127700301,4,New Kent County,-76.96241525,37.44593983,Hanover County,-77.32329616,37.5880924
51085321201,51127700302,2,New Kent County,-76.8819588,37.50599597,Hanover County,-77.32329616,37.5880924
51085321202,51127700100,12,New Kent County,-77.15258488,37.55150403,Hanover County,-77.34349514,37.58490558
51085321202,51127700200,1,New Kent County,-77.0683817,37.51758466,Hanover County,-77.34349514,37.58490558
51085321202,51127700301,3,New Kent County,-76.96241525,37.44593983,Hanover County,-77.34349514,37.58490558
51085321202,51127700302,1,New Kent County,-76.8819588,37.50599597,Hanover County,-77.34349514,37.58490558
51085321300,51127700100,12,New Kent County,-77.15258488,37.55150403,Hanover County,-77.29680248,37.59112522
51085321300,51127700200,10,New Kent County,-77.0683817,37.51758466,Hanover County,-77.29680248,37.59112522
51085321300,51127700301,1,New Kent County,-76.96241525,37.44593983,Hanover County,-77.29680248,37.59112522
51085321300,51127700302,4,New Kent County,-76.8819588,37.50599597,Hanover County,-77.29680248,37.59112522
51085321401,51127700200,1,New Kent County,-77.0683817,37.51758466,Hanover County,-77.25895891,37.67861465
51085321402,51127700100,3,New Kent County,-77.15258488,37.55150403,Hanover County,-77.25179057,37.60113008
51085321402,51127700200,4,New Kent County,-77.0683817,37.51758466,Hanover County,-77.25179057,37.60113008
51085321402,51127700301,2,New Kent County,-76.96241525,37.44593983,Hanover County,-77.25179057,37.60113008
51085321402,51127700302,1,New Kent County,-76.8819588,37.50599597,Hanover County,-77.25179057,37.60113008
51085321403,51127700100,14,New Kent County,-77.15258488,37.55150403,Hanover County,-77.17923965,37.62402478
51085321403,51127700200,3,New Kent County,-77.0683817,37.51758466,Hanover County,-77.17923965,37.62402478
51085321403,51127700301,1,New Kent County,-76.96241525,37.44593983,Hanover County,-77.17923965,37.62402478
51085321403,51127700302,1,New Kent County,-76.8819588,37.50599597,Hanover County,-77.17923965,37.62402478
51087200106,51127700100,2,New Kent County,-77.15258488,37.55150403,Henrico County,-77.57897181,37.60083859
51087200106,51127700200,3,New Kent County,-77.0683817,37.51758466,Henrico County,-77.57897181,37.60083859
51087200106,51127700301,4,New Kent County,-76.96241525,37.44593983,Henrico County,-77.57897181,37.60083859
51087200106,51127700302,1,New Kent County,-76.8819588,37.50599597,Henrico County,-77.57897181,37.60083859
51087200108,51127700200,1,New Kent County,-77.0683817,37.51758466,Henrico County,-77.59336363,37.56692279
51087200109,51127700100,2,New Kent County,-77.15258488,37.55150403,Henrico County,-77.56677282,37.57877141
51087200109,51127700301,1,New Kent County,-76.96241525,37.44593983,Henrico County,-77.56677282,37.57877141
51087200122,51127700100,3,New Kent County,-77.15258488,37.55150403,Henrico County,-77.62337175,37.6271046
51087200122,51127700200,2,New Kent County,-77.0683817,37.51758466,Henrico County,-77.62337175,37.6271046
51087200124,51127700100,1,New Kent County,-77.15258488,37.55150403,Henrico County,-77.62223472,37.61613825
51087200124,51127700302,1,New Kent County,-76.8819588,37.50599597,Henrico County,-77.62223472,37.61613825
51087200125,51127700100,1,New Kent County,-77.15258488,37.55150403,Henrico County,-77.56036396,37.63083388
51087200126,51127700100,9,New Kent County,-77.15258488,37.55150403,Henrico County,-77.55101382,37.63318897
51087200126,51127700200,1,New Kent County,-77.0683817,37.51758466,Henrico County,-77.55101382,37.63318897
51087200126,51127700301,2,New Kent County,-76.96241525,37.44593983,Henrico County,-77.55101382,37.63318897
51087200127,51127700100,3,New Kent County,-77.15258488,37.55150403,Henrico County,-77.59024487,37.63015772
51087200127,51127700200,2,New Kent County,-77.0683817,37.51758466,Henrico County,-77.59024487,37.63015772
51087200127,51127700301,1,New Kent County,-76.96241525,37.44593983,Henrico County,-77.59024487,37.63015772
51087200127,51127700302,1,New Kent County,-76.8819588,37.50599597,Henrico County,-77.59024487,37.63015772
51087200131,51127700100,25,New Kent County,-77.15258488,37.55150403,Henrico County,-77.54464367,37.60605475
51087200131,51127700200,26,New Kent County,-77.0683817,37.51758466,Henrico County,-77.54464367,37.60605475
51087200131,51127700301,9,New Kent County,-76.96241525,37.44593983,Henrico County,-77.54464367,37.60605475
51087200131,51127700302,5,New Kent County,-76.8819588,37.50599597,Henrico County,-77.54464367,37.60605475
51087200132,51127700100,4,New Kent County,-77.15258488,37.55150403,Henrico County,-77.55332965,37.61321047
51087200132,51127700200,1,New Kent County,-77.0683817,37.51758466,Henrico County,-77.55332965,37.61321047
51087200135,51127700100,3,New Kent County,-77.15258488,37.55150403,Henrico County,-77.60514833,37.60266812
51087200135,51127700200,2,New Kent County,-77.0683817,37.51758466,Henrico County,-77.60514833,37.60266812
51087200136,51127700200,1,New Kent County,-77.0683817,37.51758466,Henrico County,-77.62708198,37.60516301
51087200136,51127700302,2,New Kent County,-76.8819588,37.50599597,Henrico County,-77.62708198,37.60516301
51087200137,51127700100,1,New Kent County,-77.15258488,37.55150403,Henrico County,-77.58334569,37.61247448
51087200138,51127700301,1,New Kent County,-76.96241525,37.44593983,Henrico County,-77.59701807,37.61568705
51087200138,51127700302,2,New Kent County,-76.8819588,37.50599597,Henrico County,-77.59701807,37.61568705
51087200139,51127700301,1,New Kent County,-76.96241525,37.44593983,Henrico County,-77.6434502,37.6348655
51087200140,51127700100,11,New Kent County,-77.15258488,37.55150403,Henrico County,-77.63679408,37.65532899
51087200140,51127700200,5,New Kent County,-77.0683817,37.51758466,Henrico County,-77.63679408,37.65532899
51087200140,51127700301,4,New Kent County,-76.96241525,37.44593983,Henrico County,-77.63679408,37.65532899
51087200140,51127700302,1,New Kent County,-76.8819588,37.50599597,Henrico County,-77.63679408,37.65532899
51087200141,51127700100,4,New Kent County,-77.15258488,37.55150403,Henrico County,-77.62796055,37.65015182
51087200141,51127700200,1,New Kent County,-77.0683817,37.51758466,Henrico County,-77.62796055,37.65015182
51087200141,51127700301,4,New Kent County,-76.96241525,37.44593983,Henrico County,-77.62796055,37.65015182
51087200141,51127700302,2,New Kent County,-76.8819588,37.50599597,Henrico County,-77.62796055,37.65015182
51087200142,51127700100,2,New Kent County,-77.15258488,37.55150403,Henrico County,-77.62292089,37.63989342
51087200142,51127700200,1,New Kent County,-77.0683817,37.51758466,Henrico County,-77.62292089,37.63989342
51087200144,51127700100,8,New Kent County,-77.15258488,37.55150403,Henrico County,-77.60250445,37.64853829
51087200144,51127700200,10,New Kent County,-77.0683817,37.51758466,Henrico County,-77.60250445,37.64853829
51087200144,51127700301,3,New Kent County,-76.96241525,37.44593983,Henrico County,-77.60250445,37.64853829
51087200144,51127700302,4,New Kent County,-76.8819588,37.50599597,Henrico County,-77.60250445,37.64853829
51087200145,51127700301,2,New Kent County,-76.96241525,37.44593983,Henrico County,-77.62091788,37.69726831
51087200146,51127700200,2,New Kent County,-77.0683817,37.51758466,Henrico County,-77.6045801,37.69833912
51087200146,51127700302,1,New Kent County,-76.8819588,37.50599597,Henrico County,-77.6045801,37.69833912
51087200147,51127700100,2,New Kent County,-77.15258488,37.55150403,Henrico County,-77.62263732,37.67762241
51087200147,51127700200,1,New Kent County,-77.0683817,37.51758466,Henrico County,-77.62263732,37.67762241
51087200148,51127700100,14,New Kent County,-77.15258488,37.55150403,Henrico County,-77.57818533,37.68231409
51087200148,51127700200,3,New Kent County,-77.0683817,37.51758466,Henrico County,-77.57818533,37.68231409
51087200148,51127700301,12,New Kent County,-76.96241525,37.44593983,Henrico County,-77.57818533,37.68231409
51087200148,51127700302,9,New Kent County,-76.8819588,37.50599597,Henrico County,-77.57818533,37.68231409
51087200149,51127700100,6,New Kent County,-77.15258488,37.55150403,Henrico County,-77.60039992,37.66826832
51087200149,51127700200,7,New Kent County,-77.0683817,37.51758466,Henrico County,-77.60039992,37.66826832
51087200149,51127700301,6,New Kent County,-76.96241525,37.44593983,Henrico County,-77.60039992,37.66826832
51087200149,51127700302,2,New Kent County,-76.8819588,37.50599597,Henrico County,-77.60039992,37.66826832
51087200150,51127700100,69,New Kent County,-77.15258488,37.55150403,Henrico County,-77.5758222,37.66460693
51087200150,51127700200,36,New Kent County,-77.0683817,37.51758466,Henrico County,-77.5758222,37.66460693
51087200150,51127700301,27,New Kent County,-76.96241525,37.44593983,Henrico County,-77.5758222,37.66460693
51087200150,51127700302,23,New Kent County,-76.8819588,37.50599597,Henrico County,-77.5758222,37.66460693
51087200151,51127700100,35,New Kent County,-77.15258488,37.55150403,Henrico County,-77.57184309,37.64822505
51087200151,51127700200,11,New Kent County,-77.0683817,37.51758466,Henrico County,-77.57184309,37.64822505
51087200151,51127700301,24,New Kent County,-76.96241525,37.44593983,Henrico County,-77.57184309,37.64822505
51087200151,51127700302,18,New Kent County,-76.8819588,37.50599597,Henrico County,-77.57184309,37.64822505
51087200153,51127700100,3,New Kent County,-77.15258488,37.55150403,Henrico County,-77.57100175,37.6124798
51087200153,51127700200,2,New Kent County,-77.0683817,37.51758466,Henrico County,-77.57100175,37.6124798
51087200153,51127700302,2,New Kent County,-76.8819588,37.50599597,Henrico County,-77.57100175,37.6124798
51087200201,51127700100,2,New Kent County,-77.15258488,37.55150403,Henrico County,-77.55710982,37.5942083
51087200201,51127700200,1,New Kent County,-77.0683817,37.51758466,Henrico County,-77.55710982,37.5942083
51087200201,51127700302,1,New Kent County,-76.8819588,37.50599597,Henrico County,-77.55710982,37.5942083
51087200202,51127700100,1,New Kent County,-77.15258488,37.55150403,Henrico County,-77.5436194,37.58699555
51087200301,51127700100,15,New Kent County,-77.15258488,37.55150403,Henrico County,-77.50257913,37.58246563
51087200301,51127700200,13,New Kent County,-77.0683817,37.51758466,Henrico County,-77.50257913,37.58246563
51087200301,51127700301,3,New Kent County,-76.96241525,37.44593983,Henrico County,-77.50257913,37.58246563
51087200302,51127700100,35,New Kent County,-77.15258488,37.55150403,Henrico County,-77.5175129,37.58983732
51087200302,51127700200,16,New Kent County,-77.0683817,37.51758466,Henrico County,-77.5175129,37.58983732
51087200302,51127700301,18,New Kent County,-76.96241525,37.44593983,Henrico County,-77.5175129,37.58983732
51087200302,51127700302,6,New Kent County,-76.8819588,37.50599597,Henrico County,-77.5175129,37.58983732
51087200303,51127700100,24,New Kent County,-77.15258488,37.55150403,Henrico County,-77.52659472,37.60165473
51087200303,51127700200,9,New Kent County,-77.0683817,37.51758466,Henrico County,-77.52659472,37.60165473
51087200303,51127700301,18,New Kent County,-76.96241525,37.44593983,Henrico County,-77.52659472,37.60165473
51087200303,51127700302,4,New Kent County,-76.8819588,37.50599597,Henrico County,-77.52659472,37.60165473
51087200305,51127700100,11,New Kent County,-77.15258488,37.55150403,Henrico County,-77.53402557,37.61864238
51087200305,51127700200,16,New Kent County,-77.0683817,37.51758466,Henrico County,-77.53402557,37.61864238
51087200305,51127700301,1,New Kent County,-76.96241525,37.44593983,Henrico County,-77.53402557,37.61864238
51087200305,51127700302,2,New Kent County,-76.8819588,37.50599597,Henrico County,-77.53402557,37.61864238
51087200404,51127700100,8,New Kent County,-77.15258488,37.55150403,Henrico County,-77.50273764,37.60703991
51087200404,51127700200,1,New Kent County,-77.0683817,37.51758466,Henrico County,-77.50273764,37.60703991
51087200404,51127700301,4,New Kent County,-76.96241525,37.44593983,Henrico County,-77.50273764,37.60703991
51087200404,51127700302,1,New Kent County,-76.8819588,37.50599597,Henrico County,-77.50273764,37.60703991
51087200407,51127700100,5,New Kent County,-77.15258488,37.55150403,Henrico County,-77.54576825,37.64290272
51087200407,51127700200,4,New Kent County,-77.0683817,37.51758466,Henrico County,-77.54576825,37.64290272
51087200407,51127700301,2,New Kent County,-76.96241525,37.44593983,Henrico County,-77.54576825,37.64290272
51087200407,51127700302,1,New Kent County,-76.8819588,37.50599597,Henrico County,-77.54576825,37.64290272
51087200409,51127700100,37,New Kent County,-77.15258488,37.55150403,Henrico County,-77.51825817,37.62639342
51087200409,51127700200,35,New Kent County,-77.0683817,37.51758466,Henrico County,-77.51825817,37.62639342
51087200409,51127700301,11,New Kent County,-76.96241525,37.44593983,Henrico County,-77.51825817,37.62639342
51087200409,51127700302,12,New Kent County,-76.8819588,37.50599597,Henrico County,-77.51825817,37.62639342
51087200411,51127700301,1,New Kent County,-76.96241525,37.44593983,Henrico County,-77.52773459,37.63924298
51087200411,51127700302,1,New Kent County,-76.8819588,37.50599597,Henrico County,-77.52773459,37.63924298
51087200412,51127700100,9,New Kent County,-77.15258488,37.55150403,Henrico County,-77.51814096,37.63357193
51087200412,51127700200,1,New Kent County,-77.0683817,37.51758466,Henrico County,-77.51814096,37.63357193
51087200413,51127700100,2,New Kent County,-77.15258488,37.55150403,Henrico County,-77.53430458,37.6575813
51087200413,51127700200,1,New Kent County,-77.0683817,37.51758466,Henrico County,-77.53430458,37.6575813
51087200413,51127700301,1,New Kent County,-76.96241525,37.44593983,Henrico County,-77.53430458,37.6575813
51087200414,51127700301,2,New Kent County,-76.96241525,37.44593983,Henrico County,-77.55239917,37.66159884
51087200415,51127700100,2,New Kent County,-77.15258488,37.55150403,Henrico County,-77.51746876,37.68940593
51087200415,51127700301,3,New Kent County,-76.96241525,37.44593983,Henrico County,-77.51746876,37.68940593
51087200415,51127700302,2,New Kent County,-76.8819588,37.50599597,Henrico County,-77.51746876,37.68940593
51087200416,51127700100,5,New Kent County,-77.15258488,37.55150403,Henrico County,-77.51857493,37.66649495
51087200416,51127700200,1,New Kent County,-77.0683817,37.51758466,Henrico County,-77.51857493,37.66649495
51087200417,51127700100,1,New Kent County,-77.15258488,37.55150403,Henrico County,-77.50921201,37.61422594
51087200417,51127700200,4,New Kent County,-77.0683817,37.51758466,Henrico County,-77.50921201,37.61422594
51087200418,51127700100,2,New Kent County,-77.15258488,37.55150403,Henrico County,-77.51315144,37.61902476
51087200418,51127700200,2,New Kent County,-77.0683817,37.51758466,Henrico County,-77.51315144,37.61902476
51087200418,51127700301,1,New Kent County,-76.96241525,37.44593983,Henrico County,-77.51315144,37.61902476
51087200501,51127700100,30,New Kent County,-77.15258488,37.55150403,Henrico County,-77.50228344,37.59564632
51087200501,51127700200,22,New Kent County,-77.0683817,37.51758466,Henrico County,-77.50228344,37.59564632
51087200501,51127700301,8,New Kent County,-76.96241525,37.44593983,Henrico County,-77.50228344,37.59564632
51087200501,51127700302,21,New Kent County,-76.8819588,37.50599597,Henrico County,-77.50228344,37.59564632
51087200502,51127700100,52,New Kent County,-77.15258488,37.55150403,Henrico County,-77.48519758,37.59358062
51087200502,51127700200,46,New Kent County,-77.0683817,37.51758466,Henrico County,-77.48519758,37.59358062
51087200502,51127700301,21,New Kent County,-76.96241525,37.44593983,Henrico County,-77.48519758,37.59358062
51087200502,51127700302,12,New Kent County,-76.8819588,37.50599597,Henrico County,-77.48519758,37.59358062
51087200503,51127700100,20,New Kent County,-77.15258488,37.55150403,Henrico County,-77.49654127,37.63008676
51087200503,51127700200,29,New Kent County,-77.0683817,37.51758466,Henrico County,-77.49654127,37.63008676
51087200503,51127700301,10,New Kent County,-76.96241525,37.44593983,Henrico County,-77.49654127,37.63008676
51087200503,51127700302,11,New Kent County,-76.8819588,37.50599597,Henrico County,-77.49654127,37.63008676
51087200700,51127700100,10,New Kent County,-77.15258488,37.55150403,Henrico County,-77.46366725,37.60727901
51087200700,51127700200,3,New Kent County,-77.0683817,37.51758466,Henrico County,-77.46366725,37.60727901
51087200700,51127700301,4,New Kent County,-76.96241525,37.44593983,Henrico County,-77.46366725,37.60727901
51087200801,51127700100,30,New Kent County,-77.15258488,37.55150403,Henrico County,-77.47242397,37.6309301
51087200801,51127700200,19,New Kent County,-77.0683817,37.51758466,Henrico County,-77.47242397,37.6309301
51087200801,51127700301,8,New Kent County,-76.96241525,37.44593983,Henrico County,-77.47242397,37.6309301
51087200802,51127700100,2,New Kent County,-77.15258488,37.55150403,Henrico County,-77.44920793,37.61916469
51087200802,51127700200,4,New Kent County,-77.0683817,37.51758466,Henrico County,-77.44920793,37.61916469
51087200802,51127700302,1,New Kent County,-76.8819588,37.50599597,Henrico County,-77.44920793,37.61916469
51087200805,51127700100,8,New Kent County,-77.15258488,37.55150403,Henrico County,-77.42365611,37.59105613
51087200805,51127700200,6,New Kent County,-77.0683817,37.51758466,Henrico County,-77.42365611,37.59105613
51087200805,51127700301,7,New Kent County,-76.96241525,37.44593983,Henrico County,-77.42365611,37.59105613
51087200805,51127700302,2,New Kent County,-76.8819588,37.50599597,Henrico County,-77.42365611,37.59105613
51087200807,51127700302,2,New Kent County,-76.8819588,37.50599597,Henrico County,-77.42789836,37.6086521
51087200904,51127700100,28,New Kent County,-77.15258488,37.55150403,Henrico County,-77.43370261,37.64087913
51087200904,51127700200,12,New Kent County,-77.0683817,37.51758466,Henrico County,-77.43370261,37.64087913
51087200904,51127700301,6,New Kent County,-76.96241525,37.44593983,Henrico County,-77.43370261,37.64087913
51087200904,51127700302,3,New Kent County,-76.8819588,37.50599597,Henrico County,-77.43370261,37.64087913
51087200905,51127700100,14,New Kent County,-77.15258488,37.55150403,Henrico County,-77.47985562,37.65196309
51087200905,51127700200,9,New Kent County,-77.0683817,37.51758466,Henrico County,-77.47985562,37.65196309
51087200905,51127700301,3,New Kent County,-76.96241525,37.44593983,Henrico County,-77.47985562,37.65196309
51087200905,51127700302,3,New Kent County,-76.8819588,37.50599597,Henrico County,-77.47985562,37.65196309
51087200907,51127700100,17,New Kent County,-77.15258488,37.55150403,Henrico County,-77.47297721,37.67600809
51087200907,51127700200,15,New Kent County,-77.0683817,37.51758466,Henrico County,-77.47297721,37.67600809
51087200907,51127700301,6,New Kent County,-76.96241525,37.44593983,Henrico County,-77.47297721,37.67600809
51087200907,51127700302,2,New Kent County,-76.8819588,37.50599597,Henrico County,-77.47297721,37.67600809
51087200908,51127700100,5,New Kent County,-77.15258488,37.55150403,Henrico County,-77.45942307,37.64756437
51087200908,51127700200,5,New Kent County,-77.0683817,37.51758466,Henrico County,-77.45942307,37.64756437
51087200908,51127700301,4,New Kent County,-76.96241525,37.44593983,Henrico County,-77.45942307,37.64756437
51087200908,51127700302,4,New Kent County,-76.8819588,37.50599597,Henrico County,-77.45942307,37.64756437
51087201001,51127700100,1,New Kent County,-77.15258488,37.55150403,Henrico County,-77.38063857,37.58368851
51087201001,51127700301,2,New Kent County,-76.96241525,37.44593983,Henrico County,-77.38063857,37.58368851
51087201002,51127700100,20,New Kent County,-77.15258488,37.55150403,Henrico County,-77.40366528,37.57246398
51087201002,51127700200,5,New Kent County,-77.0683817,37.51758466,Henrico County,-77.40366528,37.57246398
51087201002,51127700301,3,New Kent County,-76.96241525,37.44593983,Henrico County,-77.40366528,37.57246398
51087201002,51127700302,2,New Kent County,-76.8819588,37.50599597,Henrico County,-77.40366528,37.57246398
51087201003,51127700100,8,New Kent County,-77.15258488,37.55150403,Henrico County,-77.39359536,37.56040555
51087201003,51127700301,1,New Kent County,-76.96241525,37.44593983,Henrico County,-77.39359536,37.56040555
51087201102,51127700100,3,New Kent County,-77.15258488,37.55150403,Henrico County,-77.38015228,37.52699392
51087201102,51127700200,3,New Kent County,-77.0683817,37.51758466,Henrico County,-77.38015228,37.52699392
51087201102,51127700302,2,New Kent County,-76.8819588,37.50599597,Henrico County,-77.38015228,37.52699392
51087201103,51127700100,2,New Kent County,-77.15258488,37.55150403,Henrico County,-77.36663372,37.55620836
51087201103,51127700200,1,New Kent County,-77.0683817,37.51758466,Henrico County,-77.36663372,37.55620836
51087201104,51127700100,66,New Kent County,-77.15258488,37.55150403,Henrico County,-77.37815208,37.54418254
51087201104,51127700200,30,New Kent County,-77.0683817,37.51758466,Henrico County,-77.37815208,37.54418254
51087201104,51127700301,13,New Kent County,-76.96241525,37.44593983,Henrico County,-77.37815208,37.54418254
51087201104,51127700302,10,New Kent County,-76.8819588,37.50599597,Henrico County,-77.37815208,37.54418254
51087201203,51127700200,2,New Kent County,-77.0683817,37.51758466,Henrico County,-77.3340907,37.56062161
51087201203,51127700302,1,New Kent County,-76.8819588,37.50599597,Henrico County,-77.3340907,37.56062161
51087201204,51127700100,1,New Kent County,-77.15258488,37.55150403,Henrico County,-77.32738466,37.54985594
51087201204,51127700301,1,New Kent County,-76.96241525,37.44593983,Henrico County,-77.32738466,37.54985594
51087201205,51127700100,17,New Kent County,-77.15258488,37.55150403,Henrico County,-77.3313738,37.53882433
51087201205,51127700200,7,New Kent County,-77.0683817,37.51758466,Henrico County,-77.3313738,37.53882433
51087201205,51127700301,9,New Kent County,-76.96241525,37.44593983,Henrico County,-77.3313738,37.53882433
51087201205,51127700302,3,New Kent County,-76.8819588,37.50599597,Henrico County,-77.3313738,37.53882433
51087201403,51127700100,8,New Kent County,-77.15258488,37.55150403,Henrico County,-77.2683449,37.53480774
51087201403,51127700200,1,New Kent County,-77.0683817,37.51758466,Henrico County,-77.2683449,37.53480774
51087201403,51127700302,1,New Kent County,-76.8819588,37.50599597,Henrico County,-77.2683449,37.53480774
51087201404,51127700100,17,New Kent County,-77.15258488,37.55150403,Henrico County,-77.24402336,37.4958059
51087201404,51127700200,15,New Kent County,-77.0683817,37.51758466,Henrico County,-77.24402336,37.4958059
51087201404,51127700301,8,New Kent County,-76.96241525,37.44593983,Henrico County,-77.24402336,37.4958059
51087201404,51127700302,2,New Kent County,-76.8819588,37.50599597,Henrico County,-77.24402336,37.4958059
51087201405,51127700100,4,New Kent County,-77.15258488,37.55150403,Henrico County,-77.35729804,37.53901678
51087201406,51127700100,18,New Kent County,-77.15258488,37.55150403,Henrico County,-77.34681993,37.52143731
51087201406,51127700200,23,New Kent County,-77.0683817,37.51758466,Henrico County,-77.34681993,37.52143731
51087201406,51127700301,12,New Kent County,-76.96241525,37.44593983,Henrico County,-77.34681993,37.52143731
51087201406,51127700302,9,New Kent County,-76.8819588,37.50599597,Henrico County,-77.34681993,37.52143731
51087201502,51127700100,14,New Kent County,-77.15258488,37.55150403,Henrico County,-77.33376795,37.46556736
51087201502,51127700200,11,New Kent County,-77.0683817,37.51758466,Henrico County,-77.33376795,37.46556736
51087201502,51127700301,11,New Kent County,-76.96241525,37.44593983,Henrico County,-77.33376795,37.46556736
51087201502,51127700302,1,New Kent County,-76.8819588,37.50599597,Henrico County,-77.33376795,37.46556736
51087201503,51127700100,1,New Kent County,-77.15258488,37.55150403,Henrico County,-77.39550375,37.49795547
51087201503,51127700301,1,New Kent County,-76.96241525,37.44593983,Henrico County,-77.39550375,37.49795547
51087201504,51127700100,51,New Kent County,-77.15258488,37.55150403,Henrico County,-77.37121097,37.49660947
51087201504,51127700200,43,New Kent County,-77.0683817,37.51758466,Henrico County,-77.37121097,37.49660947
51087201504,51127700301,16,New Kent County,-76.96241525,37.44593983,Henrico County,-77.37121097,37.49660947
51087201504,51127700302,12,New Kent County,-76.8819588,37.50599597,Henrico County,-77.37121097,37.49660947
51087201601,51127700100,6,New Kent County,-77.15258488,37.55150403,Henrico County,-77.25938321,37.4257625
51087201601,51127700200,7,New Kent County,-77.0683817,37.51758466,Henrico County,-77.25938321,37.4257625
51087201601,51127700301,1,New Kent County,-76.96241525,37.44593983,Henrico County,-77.25938321,37.4257625
51087201602,51127700100,9,New Kent County,-77.15258488,37.55150403,Henrico County,-77.36904638,37.42826207
51087201602,51127700200,8,New Kent County,-77.0683817,37.51758466,Henrico County,-77.36904638,37.42826207
51087201602,51127700301,5,New Kent County,-76.96241525,37.44593983,Henrico County,-77.36904638,37.42826207
51087201602,51127700302,1,New Kent County,-76.8819588,37.50599597,Henrico County,-77.36904638,37.42826207
51087201701,51127700100,20,New Kent County,-77.15258488,37.55150403,Henrico County,-77.30662179,37.52247621
51087201701,51127700200,7,New Kent County,-77.0683817,37.51758466,Henrico County,-77.30662179,37.52247621
51087201701,51127700301,6,New Kent County,-76.96241525,37.44593983,Henrico County,-77.30662179,37.52247621
51087201701,51127700302,12,New Kent County,-76.8819588,37.50599597,Henrico County,-77.30662179,37.52247621
51087980100,51127700100,25,New Kent County,-77.15258488,37.55150403,Henrico County,-77.32234849,37.50573624
51087980100,51127700200,16,New Kent County,-77.0683817,37.51758466,Henrico County,-77.32234849,37.50573624
51087980100,51127700301,7,New Kent County,-76.96241525,37.44593983,Henrico County,-77.32234849,37.50573624
51087980100,51127700302,1,New Kent County,-76.8819588,37.50599597,Henrico County,-77.32234849,37.50573624
51127700100,51127700100,176,New Kent County,-77.15258488,37.55150403,New Kent County,-77.15258488,37.55150403
51127700100,51127700200,73,New Kent County,-77.0683817,37.51758466,New Kent County,-77.15258488,37.55150403
51127700100,51127700301,18,New Kent County,-76.96241525,37.44593983,New Kent County,-77.15258488,37.55150403
51127700100,51127700302,5,New Kent County,-76.8819588,37.50599597,New Kent County,-77.15258488,37.55150403
51127700200,51127700100,37,New Kent County,-77.15258488,37.55150403,New Kent County,-77.0683817,37.51758466
51127700200,51127700200,101,New Kent County,-77.0683817,37.51758466,New Kent County,-77.0683817,37.51758466
51127700200,51127700301,23,New Kent County,-76.96241525,37.44593983,New Kent County,-77.0683817,37.51758466
51127700200,51127700302,10,New Kent County,-76.8819588,37.50599597,New Kent County,-77.0683817,37.51758466
51127700301,51127700100,58,New Kent County,-77.15258488,37.55150403,New Kent County,-76.96241525,37.44593983
51127700301,51127700200,39,New Kent County,-77.0683817,37.51758466,New Kent County,-76.96241525,37.44593983
51127700301,51127700301,125,New Kent County,-76.96241525,37.44593983,New Kent County,-76.96241525,37.44593983
51127700301,51127700302,9,New Kent County,-76.8819588,37.50599597,New Kent County,-76.96241525,37.44593983
51127700302,51127700100,173,New Kent County,-77.15258488,37.55150403,New Kent County,-76.8819588,37.50599597
51127700302,51127700200,150,New Kent County,-77.0683817,37.51758466,New Kent County,-76.8819588,37.50599597
51127700302,51127700301,133,New Kent County,-76.96241525,37.44593983,New Kent County,-76.8819588,37.50599597
51127700302,51127700302,166,New Kent County,-76.8819588,37.50599597,New Kent County,-76.8819588,37.50599597
51145500101,51127700100,6,New Kent County,-77.15258488,37.55150403,Powhatan County,-77.76191667,37.55767063
51145500101,51127700200,2,New Kent County,-77.0683817,37.51758466,Powhatan County,-77.76191667,37.55767063
51145500101,51127700301,4,New Kent County,-76.96241525,37.44593983,Powhatan County,-77.76191667,37.55767063
51145500101,51127700302,1,New Kent County,-76.8819588,37.50599597,Powhatan County,-77.76191667,37.55767063
51145500102,51127700100,7,New Kent County,-77.15258488,37.55150403,Powhatan County,-77.82617795,37.47522126
51145500102,51127700200,6,New Kent County,-77.0683817,37.51758466,Powhatan County,-77.82617795,37.47522126
51145500102,51127700301,1,New Kent County,-76.96241525,37.44593983,Powhatan County,-77.82617795,37.47522126
51145500201,51127700100,1,New Kent County,-77.15258488,37.55150403,Powhatan County,-77.89555426,37.59482961
51145500201,51127700200,1,New Kent County,-77.0683817,37.51758466,Powhatan County,-77.89555426,37.59482961
51145500201,51127700301,2,New Kent County,-76.96241525,37.44593983,Powhatan County,-77.89555426,37.59482961
51145500201,51127700302,1,New Kent County,-76.8819588,37.50599597,Powhatan County,-77.89555426,37.59482961
51145500202,51127700200,3,New Kent County,-77.0683817,37.51758466,Powhatan County,-77.90999398,37.5125689
51145500300,51127700100,1,New Kent County,-77.15258488,37.55150403,Powhatan County,-77.87952952,37.6446798
51145500400,51127700200,1,New Kent County,-77.0683817,37.51758466,Powhatan County,-78.03659791,37.55038368
51145500400,51127700302,2,New Kent County,-76.8819588,37.50599597,Powhatan County,-78.03659791,37.55038368
51760010201,51127700200,7,New Kent County,-77.0683817,37.51758466,Richmond city,-77.45650288,37.5956666
51760010201,51127700302,1,New Kent County,-76.8819588,37.50599597,Richmond city,-77.45650288,37.5956666
51760010202,51127700100,1,New Kent County,-77.15258488,37.55150403,Richmond city,-77.47046992,37.58825494
51760010202,51127700200,5,New Kent County,-77.0683817,37.51758466,Richmond city,-77.47046992,37.58825494
51760010202,51127700301,5,New Kent County,-76.96241525,37.44593983,Richmond city,-77.47046992,37.58825494
51760010401,51127700100,3,New Kent County,-77.15258488,37.55150403,Richmond city,-77.45359412,37.58808447
51760010600,51127700200,2,New Kent County,-77.0683817,37.51758466,Richmond city,-77.44178703,37.57199039
51760010700,51127700100,1,New Kent County,-77.15258488,37.55150403,Richmond city,-77.42996025,37.57441823
51760010900,51127700100,8,New Kent County,-77.15258488,37.55150403,Richmond city,-77.41765284,37.56396963
51760010900,51127700200,1,New Kent County,-77.0683817,37.51758466,Richmond city,-77.41765284,37.56396963
51760010900,51127700302,2,New Kent County,-76.8819588,37.50599597,Richmond city,-77.41765284,37.56396963
51760011100,51127700100,2,New Kent County,-77.15258488,37.55150403,Richmond city,-77.44428733,37.56218053
51760011100,51127700200,20,New Kent County,-77.0683817,37.51758466,Richmond city,-77.44428733,37.56218053
51760011100,51127700301,5,New Kent County,-76.96241525,37.44593983,Richmond city,-77.44428733,37.56218053
51760020100,51127700200,1,New Kent County,-77.0683817,37.51758466,Richmond city,-77.41799847,37.5546446
51760020300,51127700100,4,New Kent County,-77.15258488,37.55150403,Richmond city,-77.40809179,37.54203317
51760020300,51127700200,4,New Kent County,-77.0683817,37.51758466,Richmond city,-77.40809179,37.54203317
51760020300,51127700302,3,New Kent County,-76.8819588,37.50599597,Richmond city,-77.40809179,37.54203317
51760020501,51127700100,5,New Kent County,-77.15258488,37.55150403,Richmond city,-77.42432479,37.53226453
51760020501,51127700200,2,New Kent County,-77.0683817,37.51758466,Richmond city,-77.42432479,37.53226453
51760020501,51127700302,1,New Kent County,-76.8819588,37.50599597,Richmond city,-77.42432479,37.53226453
51760020502,51127700100,1,New Kent County,-77.15258488,37.55150403,Richmond city,-77.42247154,37.53444058
51760020700,51127700200,1,New Kent County,-77.0683817,37.51758466,Richmond city,-77.41135049,37.53693365
51760021000,51127700100,5,New Kent County,-77.15258488,37.55150403,Richmond city,-77.39480781,37.52040873
51760021000,51127700200,1,New Kent County,-77.0683817,37.51758466,Richmond city,-77.39480781,37.52040873
51760021100,51127700200,1,New Kent County,-77.0683817,37.51758466,Richmond city,-77.40724566,37.5193734
51760021100,51127700301,1,New Kent County,-76.96241525,37.44593983,Richmond city,-77.40724566,37.5193734
51760021100,51127700302,1,New Kent County,-76.8819588,37.50599597,Richmond city,-77.40724566,37.5193734
51760021200,51127700100,2,New Kent County,-77.15258488,37.55150403,Richmond city,-77.40017833,37.51126646
51760021200,51127700200,1,New Kent County,-77.0683817,37.51758466,Richmond city,-77.40017833,37.51126646
51760030200,51127700100,87,New Kent County,-77.15258488,37.55150403,Richmond city,-77.43607585,37.54572968
51760030200,51127700200,58,New Kent County,-77.0683817,37.51758466,Richmond city,-77.43607585,37.54572968
51760030200,51127700301,43,New Kent County,-76.96241525,37.44593983,Richmond city,-77.43607585,37.54572968
51760030200,51127700302,27,New Kent County,-76.8819588,37.50599597,Richmond city,-77.43607585,37.54572968
51760030501,51127700100,14,New Kent County,-77.15258488,37.55150403,Richmond city,-77.44395445,37.54357501
51760030501,51127700200,4,New Kent County,-77.0683817,37.51758466,Richmond city,-77.44395445,37.54357501
51760030501,51127700301,8,New Kent County,-76.96241525,37.44593983,Richmond city,-77.44395445,37.54357501
51760030501,51127700302,3,New Kent County,-76.8819588,37.50599597,Richmond city,-77.44395445,37.54357501
51760030502,51127700100,116,New Kent County,-77.15258488,37.55150403,Richmond city,-77.43921047,37.5360341
51760030502,51127700200,93,New Kent County,-77.0683817,37.51758466,Richmond city,-77.43921047,37.5360341
51760030502,51127700301,75,New Kent County,-76.96241525,37.44593983,Richmond city,-77.43921047,37.5360341
51760030502,51127700302,34,New Kent County,-76.8819588,37.50599597,Richmond city,-77.43921047,37.5360341
51760040201,51127700302,1,New Kent County,-76.8819588,37.50599597,Richmond city,-77.4492581,37.55331439
51760040202,51127700100,39,New Kent County,-77.15258488,37.55150403,Richmond city,-77.4639217,37.56693611
51760040202,51127700200,37,New Kent County,-77.0683817,37.51758466,Richmond city,-77.4639217,37.56693611
51760040202,51127700301,19,New Kent County,-76.96241525,37.44593983,Richmond city,-77.4639217,37.56693611
51760040202,51127700302,13,New Kent County,-76.8819588,37.50599597,Richmond city,-77.4639217,37.56693611
51760040300,51127700100,25,New Kent County,-77.15258488,37.55150403,Richmond city,-77.45193567,37.54672557
51760040300,51127700200,25,New Kent County,-77.0683817,37.51758466,Richmond city,-77.45193567,37.54672557
51760040300,51127700301,21,New Kent County,-76.96241525,37.44593983,Richmond city,-77.45193567,37.54672557
51760040300,51127700302,13,New Kent County,-76.8819588,37.50599597,Richmond city,-77.45193567,37.54672557
51760040400,51127700100,3,New Kent County,-77.15258488,37.55150403,Richmond city,-77.45772209,37.55113572
51760040400,51127700200,1,New Kent County,-77.0683817,37.51758466,Richmond city,-77.45772209,37.55113572
51760040400,51127700301,1,New Kent County,-76.96241525,37.44593983,Richmond city,-77.45772209,37.55113572
51760040400,51127700302,1,New Kent County,-76.8819588,37.50599597,Richmond city,-77.45772209,37.55113572
51760040500,51127700301,2,New Kent County,-76.96241525,37.44593983,Richmond city,-77.46637051,37.55733571
51760040600,51127700100,3,New Kent County,-77.15258488,37.55150403,Richmond city,-77.47402292,37.56174588
51760040700,51127700100,5,New Kent County,-77.15258488,37.55150403,Richmond city,-77.48055806,37.5634636
51760040800,51127700100,3,New Kent County,-77.15258488,37.55150403,Richmond city,-77.48546707,37.55645468
51760040800,51127700301,2,New Kent County,-76.96241525,37.44593983,Richmond city,-77.48546707,37.55645468
51760040800,51127700302,2,New Kent County,-76.8819588,37.50599597,Richmond city,-77.48546707,37.55645468
51760040900,51127700100,2,New Kent County,-77.15258488,37.55150403,Richmond city,-77.47818324,37.55499684
51760040900,51127700200,6,New Kent County,-77.0683817,37.51758466,Richmond city,-77.47818324,37.55499684
51760040900,51127700301,2,New Kent County,-76.96241525,37.44593983,Richmond city,-77.47818324,37.55499684
51760040900,51127700302,1,New Kent County,-76.8819588,37.50599597,Richmond city,-77.47818324,37.55499684
51760041000,51127700200,1,New Kent County,-77.0683817,37.51758466,Richmond city,-77.46798332,37.55332496
51760041000,51127700301,2,New Kent County,-76.96241525,37.44593983,Richmond city,-77.46798332,37.55332496
51760041100,51127700100,11,New Kent County,-77.15258488,37.55150403,Richmond city,-77.46668641,37.54860048
51760041100,51127700301,7,New Kent County,-76.96241525,37.44593983,Richmond city,-77.46668641,37.54860048
51760041100,51127700302,6,New Kent County,-76.8819588,37.50599597,Richmond city,-77.46668641,37.54860048
51760041300,51127700100,8,New Kent County,-77.15258488,37.55150403,Richmond city,-77.46431434,37.53489079
51760041300,51127700200,9,New Kent County,-77.0683817,37.51758466,Richmond city,-77.46431434,37.53489079
51760041300,51127700301,9,New Kent County,-76.96241525,37.44593983,Richmond city,-77.46431434,37.53489079
51760041300,51127700302,1,New Kent County,-76.8819588,37.50599597,Richmond city,-77.46431434,37.53489079
51760041400,51127700100,1,New Kent County,-77.15258488,37.55150403,Richmond city,-77.4699502,37.543448
51760041400,51127700200,2,New Kent County,-77.0683817,37.51758466,Richmond city,-77.4699502,37.543448
51760041600,51127700100,1,New Kent County,-77.15258488,37.55150403,Richmond city,-77.48295497,37.54192147
51760041600,51127700200,2,New Kent County,-77.0683817,37.51758466,Richmond city,-77.48295497,37.54192147
51760050100,51127700100,9,New Kent County,-77.15258488,37.55150403,Richmond city,-77.48460675,37.57022207
51760050100,51127700200,8,New Kent County,-77.0683817,37.51758466,Richmond city,-77.48460675,37.57022207
51760050100,51127700301,2,New Kent County,-76.96241525,37.44593983,Richmond city,-77.48460675,37.57022207
51760050100,51127700302,8,New Kent County,-76.8819588,37.50599597,Richmond city,-77.48460675,37.57022207
51760050200,51127700100,7,New Kent County,-77.15258488,37.55150403,Richmond city,-77.49548782,37.57159401
51760050200,51127700200,5,New Kent County,-77.0683817,37.51758466,Richmond city,-77.49548782,37.57159401
51760050400,51127700100,3,New Kent County,-77.15258488,37.55150403,Richmond city,-77.51015578,37.5731352
51760050400,51127700200,4,New Kent County,-77.0683817,37.51758466,Richmond city,-77.51015578,37.5731352
51760050500,51127700100,11,New Kent County,-77.15258488,37.55150403,Richmond city,-77.52974168,37.57773395
51760050500,51127700200,7,New Kent County,-77.0683817,37.51758466,Richmond city,-77.52974168,37.57773395
51760050500,51127700301,4,New Kent County,-76.96241525,37.44593983,Richmond city,-77.52974168,37.57773395
51760060200,51127700100,2,New Kent County,-77.15258488,37.55150403,Richmond city,-77.44002448,37.5120566
51760060200,51127700301,3,New Kent County,-76.96241525,37.44593983,Richmond city,-77.44002448,37.5120566
51760060400,51127700100,5,New Kent County,-77.15258488,37.55150403,Richmond city,-77.46536277,37.51054076
51760060400,51127700301,3,New Kent County,-76.96241525,37.44593983,Richmond city,-77.46536277,37.51054076
51760060502,51127700302,1,New Kent County,-76.8819588,37.50599597,Richmond city,-77.47975428,37.51966904
51760060600,51127700200,1,New Kent County,-77.0683817,37.51758466,Richmond city,-77.49017897,37.52482882
51760060700,51127700100,23,New Kent County,-77.15258488,37.55150403,Richmond city,-77.43573925,37.50612358
51760060700,51127700200,16,New Kent County,-77.0683817,37.51758466,Richmond city,-77.43573925,37.50612358
51760060700,51127700301,4,New Kent County,-76.96241525,37.44593983,Richmond city,-77.43573925,37.50612358
51760060700,51127700302,4,New Kent County,-76.8819588,37.50599597,Richmond city,-77.43573925,37.50612358
51760060800,51127700100,30,New Kent County,-77.15258488,37.55150403,Richmond city,-77.43153703,37.47726522
51760060800,51127700200,18,New Kent County,-77.0683817,37.51758466,Richmond city,-77.43153703,37.47726522
51760060800,51127700301,8,New Kent County,-76.96241525,37.44593983,Richmond city,-77.43153703,37.47726522
51760060800,51127700302,4,New Kent County,-76.8819588,37.50599597,Richmond city,-77.43153703,37.47726522
51760060900,51127700100,7,New Kent County,-77.15258488,37.55150403,Richmond city,-77.43819343,37.46389442
51760060900,51127700200,4,New Kent County,-77.0683817,37.51758466,Richmond city,-77.43819343,37.46389442
51760060900,51127700302,2,New Kent County,-76.8819588,37.50599597,Richmond city,-77.43819343,37.46389442
51760061001,51127700100,2,New Kent County,-77.15258488,37.55150403,Richmond city,-77.45027612,37.52204096
51760061001,51127700302,1,New Kent County,-76.8819588,37.50599597,Richmond city,-77.45027612,37.52204096
51760061002,51127700100,20,New Kent County,-77.15258488,37.55150403,Richmond city,-77.43947253,37.52581857
51760061002,51127700200,11,New Kent County,-77.0683817,37.51758466,Richmond city,-77.43947253,37.52581857
51760061002,51127700301,9,New Kent County,-76.96241525,37.44593983,Richmond city,-77.43947253,37.52581857
51760061002,51127700302,6,New Kent County,-76.8819588,37.50599597,Richmond city,-77.43947253,37.52581857
51760070100,51127700100,15,New Kent County,-77.15258488,37.55150403,Richmond city,-77.57475071,37.54653388
51760070100,51127700200,10,New Kent County,-77.0683817,37.51758466,Richmond city,-77.57475071,37.54653388
51760070100,51127700301,1,New Kent County,-76.96241525,37.44593983,Richmond city,-77.57475071,37.54653388
51760070100,51127700302,5,New Kent County,-76.8819588,37.50599597,Richmond city,-77.57475071,37.54653388
51760070300,51127700100,1,New Kent County,-77.15258488,37.55150403,Richmond city,-77.54217078,37.54069628
51760070300,51127700200,5,New Kent County,-77.0683817,37.51758466,Richmond city,-77.54217078,37.54069628
51760070300,51127700301,1,New Kent County,-76.96241525,37.44593983,Richmond city,-77.54217078,37.54069628
51760070400,51127700100,5,New Kent County,-77.15258488,37.55150403,Richmond city,-77.52289864,37.54402887
51760070400,51127700200,3,New Kent County,-77.0683817,37.51758466,Richmond city,-77.52289864,37.54402887
51760070400,51127700301,2,New Kent County,-76.96241525,37.44593983,Richmond city,-77.52289864,37.54402887
51760070601,51127700100,2,New Kent County,-77.15258488,37.55150403,Richmond city,-77.49295088,37.50001787
51760070601,51127700200,4,New Kent County,-77.0683817,37.51758466,Richmond city,-77.49295088,37.50001787
51760070601,51127700301,1,New Kent County,-76.96241525,37.44593983,Richmond city,-77.49295088,37.50001787
51760070601,51127700302,2,New Kent County,-76.8819588,37.50599597,Richmond city,-77.49295088,37.50001787
51760070602,51127700100,7,New Kent County,-77.15258488,37.55150403,Richmond city,-77.47678105,37.49795412
51760070602,51127700200,1,New Kent County,-77.0683817,37.51758466,Richmond city,-77.47678105,37.49795412
51760070602,51127700301,2,New Kent County,-76.96241525,37.44593983,Richmond city,-77.47678105,37.49795412
51760070700,51127700200,2,New Kent County,-77.0683817,37.51758466,Richmond city,-77.50872833,37.49152382
51760070803,51127700200,1,New Kent County,-77.0683817,37.51758466,Richmond city,-77.48956101,37.48129907
51760070803,51127700301,2,New Kent County,-76.96241525,37.44593983,Richmond city,-77.48956101,37.48129907
51760070901,51127700100,1,New Kent County,-77.15258488,37.55150403,Richmond city,-77.46121537,37.47474053
51760070902,51127700100,17,New Kent County,-77.15258488,37.55150403,Richmond city,-77.45964132,37.49121275
51760070902,51127700200,24,New Kent County,-77.0683817,37.51758466,Richmond city,-77.45964132,37.49121275
51760070902,51127700301,25,New Kent County,-76.96241525,37.44593983,Richmond city,-77.45964132,37.49121275
51760070902,51127700302,6,New Kent County,-76.8819588,37.50599597,Richmond city,-77.45964132,37.49121275
51760071002,51127700100,1,New Kent County,-77.15258488,37.55150403,Richmond city,-77.50081347,37.51338629
51760071002,51127700200,5,New Kent County,-77.0683817,37.51758466,Richmond city,-77.50081347,37.51338629
51760071002,51127700301,1,New Kent County,-76.96241525,37.44593983,Richmond city,-77.50081347,37.51338629
51760071004,51127700100,20,New Kent County,-77.15258488,37.55150403,Richmond city,-77.52140919,37.50809808
51760071004,51127700200,11,New Kent County,-77.0683817,37.51758466,Richmond city,-77.52140919,37.50809808
51760071004,51127700301,12,New Kent County,-76.96241525,37.44593983,Richmond city,-77.52140919,37.50809808
51760071004,51127700302,5,New Kent County,-76.8819588,37.50599597,Richmond city,-77.52140919,37.50809808
51760071100,51127700301,4,New Kent County,-76.96241525,37.44593983,Richmond city,-77.51057175,37.52591345
