STATEFP,COUNTYFP,TRACTCE,AFFGEOID,GEOID,NAME,NAMELSAD,STUSPS,NAMELSADCO,STATE_NAME,LSAD,ALAND,AWATER,X,Y,geometry
51,87,200404,1400000US51087200404,51087200404,2004.04,Census Tract 2004.04,VA,Henrico County,Virginia,CT,2144770,43191,-77.50273764,37.60703991,POINT (-77.50273763913766 37.60703990590712)
51,760,20200,1400000US51760020200,51760020200,202,Census Tract 202,VA,Richmond city,Virginia,CT,1001402,0,-77.40328703,37.54741743,POINT (-77.40328702980422 37.54741742863463)
51,760,60900,1400000US51760060900,51760060900,609,Census Tract 609,VA,Richmond city,Virginia,CT,2792220,0,-77.43819343,37.46389442,POINT (-77.43819342675272 37.463894420972)
51,760,21200,1400000US51760021200,51760021200,212,Census Tract 212,VA,Richmond city,Virginia,CT,910277,0,-77.40017833,37.51126646,POINT (-77.40017832767842 37.511266464638986)
51,87,200134,1400000US51087200134,51087200134,2001.34,Census Tract 2001.34,VA,Henrico County,Virginia,CT,4590484,1335,-77.58656913,37.58704275,POINT (-77.58656912531134 37.58704275443363)
51,41,100935,1400000US51041100935,51041100935,1009.35,Census Tract 1009.35,VA,Chesterfield County,Virginia,CT,7474397,35201,-77.6593808,37.53790701,POINT (-77.65938080386519 37.53790700609464)
51,760,70902,1400000US51760070902,51760070902,709.02,Census Tract 709.02,VA,Richmond city,Virginia,CT,3523835,0,-77.45964132,37.49121275,POINT (-77.45964131855692 37.49121274982851)
51,760,60600,1400000US51760060600,51760060600,606,Census Tract 606,VA,Richmond city,Virginia,CT,1789880,244929,-77.49017897,37.52482882,POINT (-77.49017897010994 37.52482882077043)
51,760,40500,1400000US51760040500,51760040500,405,Census Tract 405,VA,Richmond city,Virginia,CT,609751,0,-77.46637051,37.55733571,POINT (-77.46637051308117 37.557335710999055)
51,760,20800,1400000US51760020800,51760020800,208,Census Tract 208,VA,Richmond city,Virginia,CT,795111,0,-77.41208334,37.52699791,POINT (-77.41208333926784 37.526997912396894)
51,760,20501,1400000US51760020501,51760020501,205.01,Census Tract 205.01,VA,Richmond city,Virginia,CT,875139,140237,-77.42432479,37.53226453,POINT (-77.42432478984946 37.53226452718117)
51,760,50300,1400000US51760050300,51760050300,503,Census Tract 503,VA,Richmond city,Virginia,CT,695639,0,-77.49769409,37.56237785,POINT (-77.49769408890585 37.56237785228033)
51,87,200412,1400000US51087200412,51087200412,2004.12,Census Tract 2004.12,VA,Henrico County,Virginia,CT,1184082,1600,-77.51814096,37.63357193,POINT (-77.51814095601985 37.63357192990187)
51,760,41300,1400000US51760041300,51760041300,413,Census Tract 413,VA,Richmond city,Virginia,CT,2610167,611067,-77.46431434,37.53489079,POINT (-77.46431434065566 37.53489079474304)
51,87,200413,1400000US51087200413,51087200413,2004.13,Census Tract 2004.13,VA,Henrico County,Virginia,CT,4242137,19307,-77.53430458,37.6575813,POINT (-77.5343045769049 37.65758130039468)
51,87,200305,1400000US51087200305,51087200305,2003.05,Census Tract 2003.05,VA,Henrico County,Virginia,CT,3992927,8927,-77.53402557,37.61864238,POINT (-77.5340255741652 37.6186423760392)
51,87,200151,1400000US51087200151,51087200151,2001.51,Census Tract 2001.51,VA,Henrico County,Virginia,CT,5481016,40794,-77.57184309,37.64822505,POINT (-77.57184308571291 37.64822504682156)
51,41,100206,1400000US51041100206,51041100206,1002.06,Census Tract 1002.06,VA,Chesterfield County,Virginia,CT,8344240,0,-77.5334907,37.45477273,POINT (-77.53349070131567 37.454772729920776)
51,760,60200,1400000US51760060200,51760060200,602,Census Tract 602,VA,Richmond city,Virginia,CT,1533909,0,-77.44002448,37.5120566,POINT (-77.44002447697358 37.512056597601)
51,760,50500,1400000US51760050500,51760050500,505,Census Tract 505,VA,Richmond city,Virginia,CT,4249019,55520,-77.52974168,37.57773395,POINT (-77.5297416752393 37.57773394851894)
51,85,321003,1400000US51085321003,51085321003,3210.03,Census Tract 3210.03,VA,Hanover County,Virginia,CT,3652595,39731,-77.3176218,37.62396679,POINT (-77.31762179906094 37.62396678660377)
51,760,10202,1400000US51760010202,51760010202,102.02,Census Tract 102.02,VA,Richmond city,Virginia,CT,2619646,18572,-77.47046992,37.58825494,POINT (-77.47046992333708 37.58825494139683)
51,41,100406,1400000US51041100406,51041100406,1004.06,Census Tract 1004.06,VA,Chesterfield County,Virginia,CT,3615308,0,-77.44553256,37.41976492,POINT (-77.44553255512803 37.41976492298735)
51,41,100210,1400000US51041100210,51041100210,1002.1,Census Tract 1002.10,VA,Chesterfield County,Virginia,CT,3379207,0,-77.52627645,37.48826539,POINT (-77.52627644697338 37.48826539232156)
51,760,70901,1400000US51760070901,51760070901,709.01,Census Tract 709.01,VA,Richmond city,Virginia,CT,4711972,0,-77.46121537,37.47474053,POINT (-77.46121537039075 37.47474053123229)
51,760,11100,1400000US51760011100,51760011100,111,Census Tract 111,VA,Richmond city,Virginia,CT,2505517,0,-77.44428733,37.56218053,POINT (-77.44428732755314 37.56218053092574)
51,41,100806,1400000US51041100806,51041100806,1008.06,Census Tract 1008.06,VA,Chesterfield County,Virginia,CT,2140462,44827,-77.46446226,37.43376974,POINT (-77.46446225660578 37.43376973515494)
51,760,30100,1400000US51760030100,51760030100,301,Census Tract 301,VA,Richmond city,Virginia,CT,649098,0,-77.43516262,37.55251664,POINT (-77.43516262099989 37.55251664358767)
51,87,200106,1400000US51087200106,51087200106,2001.06,Census Tract 2001.06,VA,Henrico County,Virginia,CT,2867103,2912,-77.57897181,37.60083859,POINT (-77.57897181484151 37.60083858553244)
51,760,20300,1400000US51760020300,51760020300,203,Census Tract 203,VA,Richmond city,Virginia,CT,811426,0,-77.40809179,37.54203317,POINT (-77.40809178845525 37.54203317238681)
51,87,200126,1400000US51087200126,51087200126,2001.26,Census Tract 2001.26,VA,Henrico County,Virginia,CT,1644973,5640,-77.55101382,37.63318897,POINT (-77.55101381879751 37.63318897419251)
51,760,60501,1400000US51760060501,51760060501,605.01,Census Tract 605.01,VA,Richmond city,Virginia,CT,1431295,200955,-77.46382797,37.5202471,POINT (-77.46382796979407 37.52024710178245)
51,87,200908,1400000US51087200908,51087200908,2009.08,Census Tract 2009.08,VA,Henrico County,Virginia,CT,3860637,15505,-77.45942307,37.64756437,POINT (-77.45942306756523 37.64756436741644)
51,87,200141,1400000US51087200141,51087200141,2001.41,Census Tract 2001.41,VA,Henrico County,Virginia,CT,2093021,7769,-77.62796055,37.65015182,POINT (-77.62796054807364 37.65015181782827)
51,87,200301,1400000US51087200301,51087200301,2003.01,Census Tract 2003.01,VA,Henrico County,Virginia,CT,1304303,543,-77.50257913,37.58246563,POINT (-77.50257912923476 37.58246562725167)
51,87,200600,1400000US51087200600,51087200600,2006,Census Tract 2006,VA,Henrico County,Virginia,CT,2440454,3537,-77.47840852,37.61144682,POINT (-77.4784085157271 37.61144682351714)
51,760,20700,1400000US51760020700,51760020700,207,Census Tract 207,VA,Richmond city,Virginia,CT,490304,0,-77.41135049,37.53693365,POINT (-77.411350492643 37.53693364964083)
51,760,30501,1400000US51760030501,51760030501,305.01,Census Tract 305.01,VA,Richmond city,Virginia,CT,590925,0,-77.44395445,37.54357501,POINT (-77.44395445136658 37.54357500668944)
51,41,100208,1400000US51041100208,51041100208,1002.08,Census Tract 1002.08,VA,Chesterfield County,Virginia,CT,4427062,0,-77.5681237,37.45977159,POINT (-77.56812369758224 37.45977158623789)
51,87,201701,1400000US51087201701,51087201701,2017.01,Census Tract 2017.01,VA,Henrico County,Virginia,CT,4593214,28798,-77.30662179,37.52247621,POINT (-77.30662178754658 37.522476212593546)
51,87,201406,1400000US51087201406,51087201406,2014.06,Census Tract 2014.06,VA,Henrico County,Virginia,CT,6069704,78872,-77.34681993,37.52143731,POINT (-77.34681992911891 37.521437313490416)
51,85,320100,1400000US51085320100,51085320100,3201,Census Tract 3201,VA,Hanover County,Virginia,CT,328537534,2927606,-77.58500006,37.88594378,POINT (-77.58500006006814 37.88594378325556)
51,760,10402,1400000US51760010402,51760010402,104.02,Census Tract 104.02,VA,Richmond city,Virginia,CT,2239072,0,-77.45209,37.57866911,POINT (-77.45208999947188 37.578669107445386)
51,760,71002,1400000US51760071002,51760071002,710.02,Census Tract 710.02,VA,Richmond city,Virginia,CT,2257813,0,-77.50081347,37.51338629,POINT (-77.50081346924519 37.51338628840747)
51,87,200906,1400000US51087200906,51087200906,2009.06,Census Tract 2009.06,VA,Henrico County,Virginia,CT,5889044,16421,-77.49754446,37.66379474,POINT (-77.4975444599934 37.66379474241984)
51,41,100404,1400000US51041100404,51041100404,1004.04,Census Tract 1004.04,VA,Chesterfield County,Virginia,CT,2667458,0,-77.43318582,37.423395,POINT (-77.43318581777909 37.42339500150704)
51,87,200802,1400000US51087200802,51087200802,2008.02,Census Tract 2008.02,VA,Henrico County,Virginia,CT,3524868,68032,-77.44920793,37.61916469,POINT (-77.44920793109274 37.619164688298525)
51,41,100410,1400000US51041100410,51041100410,1004.1,Census Tract 1004.10,VA,Chesterfield County,Virginia,CT,1992476,0,-77.45365971,37.35954334,POINT (-77.45365970996771 37.35954334382617)
51,760,41000,1400000US51760041000,51760041000,410,Census Tract 410,VA,Richmond city,Virginia,CT,485202,0,-77.46798332,37.55332496,POINT (-77.4679833174987 37.55332495673948)
51,87,200138,1400000US51087200138,51087200138,2001.38,Census Tract 2001.38,VA,Henrico County,Virginia,CT,3195976,100404,-77.59701807,37.61568705,POINT (-77.59701807140793 37.61568705033441)
51,41,100922,1400000US51041100922,51041100922,1009.22,Census Tract 1009.22,VA,Chesterfield County,Virginia,CT,6557349,0,-77.58524418,37.4964871,POINT (-77.58524417998711 37.49648710474959)
51,760,41200,1400000US51760041200,51760041200,412,Census Tract 412,VA,Richmond city,Virginia,CT,318618,0,-77.45126432,37.53909995,POINT (-77.45126432205713 37.5390999450183)
51,87,980100,1400000US51087980100,51087980100,9801,Census Tract 9801,VA,Henrico County,Virginia,CT,8833720,46253,-77.32234849,37.50573624,POINT (-77.3223484917434 37.505736244410016)
51,41,100818,1400000US51041100818,51041100818,1008.18,Census Tract 1008.18,VA,Chesterfield County,Virginia,CT,6097777,51172,-77.54229628,37.42866875,POINT (-77.54229628032681 37.42866875302014)
51,87,201002,1400000US51087201002,51087201002,2010.02,Census Tract 2010.02,VA,Henrico County,Virginia,CT,3022230,4272,-77.40366528,37.57246398,POINT (-77.40366527826315 37.572463984789806)
51,760,40400,1400000US51760040400,51760040400,404,Census Tract 404,VA,Richmond city,Virginia,CT,474409,0,-77.45772209,37.55113572,POINT (-77.45772208591893 37.55113571767127)
51,87,200409,1400000US51087200409,51087200409,2004.09,Census Tract 2004.09,VA,Henrico County,Virginia,CT,2171674,11587,-77.51825817,37.62639342,POINT (-77.51825817279303 37.62639341869845)
51,87,201102,1400000US51087201102,51087201102,2011.02,Census Tract 2011.02,VA,Henrico County,Virginia,CT,3913970,30427,-77.38015228,37.52699392,POINT (-77.38015227787831 37.5269939151263)
51,87,201103,1400000US51087201103,51087201103,2011.03,Census Tract 2011.03,VA,Henrico County,Virginia,CT,1920025,0,-77.36663372,37.55620836,POINT (-77.36663372192702 37.5562083568336)
51,760,61001,1400000US51760061001,51760061001,610.01,Census Tract 610.01,VA,Richmond city,Virginia,CT,1603990,314755,-77.45027612,37.52204096,POINT (-77.4502761242083 37.52204096225397)
51,41,100932,1400000US51041100932,51041100932,1009.32,Census Tract 1009.32,VA,Chesterfield County,Virginia,CT,2828103,0,-77.611221,37.46860746,POINT (-77.6112209969484 37.46860746476072)
51,41,100934,1400000US51041100934,51041100934,1009.34,Census Tract 1009.34,VA,Chesterfield County,Virginia,CT,6924426,7603,-77.59630337,37.42636183,POINT (-77.59630336547067 37.42636182771114)
51,41,100209,1400000US51041100209,51041100209,1002.09,Census Tract 1002.09,VA,Chesterfield County,Virginia,CT,7766396,0,-77.54383141,37.47720254,POINT (-77.5438314050911 37.47720253677969)
51,41,100933,1400000US51041100933,51041100933,1009.33,Census Tract 1009.33,VA,Chesterfield County,Virginia,CT,2903720,42512,-77.61684396,37.42100436,POINT (-77.616843955803 37.42100436199893)
51,760,50400,1400000US51760050400,51760050400,504,Census Tract 504,VA,Richmond city,Virginia,CT,1892063,0,-77.51015578,37.5731352,POINT (-77.51015578458795 37.573135204681314)
51,87,200201,1400000US51087200201,51087200201,2002.01,Census Tract 2002.01,VA,Henrico County,Virginia,CT,2512486,0,-77.55710982,37.5942083,POINT (-77.55710982388794 37.59420829831072)
51,41,101014,1400000US51041101014,51041101014,1010.14,Census Tract 1010.14,VA,Chesterfield County,Virginia,CT,12119120,10229,-77.63663495,37.36480696,POINT (-77.63663494827577 37.36480695769313)
51,87,200125,1400000US51087200125,51087200125,2001.25,Census Tract 2001.25,VA,Henrico County,Virginia,CT,984556,736,-77.56036396,37.63083388,POINT (-77.5603639580385 37.630833878783726)
51,87,201206,1400000US51087201206,51087201206,2012.06,Census Tract 2012.06,VA,Henrico County,Virginia,CT,1589835,72025,-77.34764569,37.54408058,POINT (-77.34764568881195 37.54408058255471)
51,87,200131,1400000US51087200131,51087200131,2001.31,Census Tract 2001.31,VA,Henrico County,Virginia,CT,1880444,1085,-77.54464367,37.60605475,POINT (-77.54464366743474 37.6060547495598)
51,41,100930,1400000US51041100930,51041100930,1009.3,Census Tract 1009.30,VA,Chesterfield County,Virginia,CT,3552462,52632,-77.63588052,37.49078574,POINT (-77.63588051850031 37.49078573834989)
51,87,200133,1400000US51087200133,51087200133,2001.33,Census Tract 2001.33,VA,Henrico County,Virginia,CT,2662232,137071,-77.61147789,37.5922495,POINT (-77.61147789401798 37.59224949813702)
51,760,40201,1400000US51760040201,51760040201,402.01,Census Tract 402.01,VA,Richmond city,Virginia,CT,508179,0,-77.4492581,37.55331439,POINT (-77.44925810279899 37.55331439498033)
51,760,20100,1400000US51760020100,51760020100,201,Census Tract 201,VA,Richmond city,Virginia,CT,990144,0,-77.41799847,37.5546446,POINT (-77.41799847495564 37.55464460329913)
51,87,200303,1400000US51087200303,51087200303,2003.03,Census Tract 2003.03,VA,Henrico County,Virginia,CT,2868449,1642,-77.52659472,37.60165473,POINT (-77.52659471532229 37.60165472995833)
51,41,101015,1400000US51041101015,51041101015,1010.15,Census Tract 1010.15,VA,Chesterfield County,Virginia,CT,7882787,121080,-77.66452095,37.37887289,POINT (-77.66452094834307 37.37887289369491)
51,87,201503,1400000US51087201503,51087201503,2015.03,Census Tract 2015.03,VA,Henrico County,Virginia,CT,5849946,27654,-77.39550375,37.49795547,POINT (-77.39550374682817 37.49795546586451)
51,41,100600,1400000US51041100600,51041100600,1006,Census Tract 1006,VA,Chesterfield County,Virginia,CT,3310542,19926,-77.42319043,37.24154169,POINT (-77.42319043016349 37.24154168502511)
51,760,40700,1400000US51760040700,51760040700,407,Census Tract 407,VA,Richmond city,Virginia,CT,684963,0,-77.48055806,37.5634636,POINT (-77.48055806134057 37.563463603834165)
51,87,200417,1400000US51087200417,51087200417,2004.17,Census Tract 2004.17,VA,Henrico County,Virginia,CT,946817,303,-77.50921201,37.61422594,POINT (-77.50921200622697 37.61422593961477)
51,41,100300,1400000US51041100300,51041100300,1003,Census Tract 1003,VA,Chesterfield County,Virginia,CT,5320226,60990,-77.44072057,37.45041861,POINT (-77.44072056964792 37.45041860738069)
51,760,21000,1400000US51760021000,51760021000,210,Census Tract 210,VA,Richmond city,Virginia,CT,812985,0,-77.39480781,37.52040873,POINT (-77.39480781083584 37.52040872850082)
51,760,70602,1400000US51760070602,51760070602,706.02,Census Tract 706.02,VA,Richmond city,Virginia,CT,2119329,0,-77.47678105,37.49795412,POINT (-77.47678104929807 37.497954119998944)
51,41,100820,1400000US51041100820,51041100820,1008.2,Census Tract 1008.20,VA,Chesterfield County,Virginia,CT,10037311,50998,-77.52097119,37.41250194,POINT (-77.52097119301028 37.41250193558361)
51,760,40300,1400000US51760040300,51760040300,403,Census Tract 403,VA,Richmond city,Virginia,CT,518167,0,-77.45193567,37.54672557,POINT (-77.45193566977434 37.54672557048918)
51,41,100937,1400000US51041100937,51041100937,1009.37,Census Tract 1009.37,VA,Chesterfield County,Virginia,CT,4253443,150187,-77.65752559,37.45437077,POINT (-77.65752558708722 37.45437076789001)
51,87,201404,1400000US51087201404,51087201404,2014.04,Census Tract 2014.04,VA,Henrico County,Virginia,CT,44174485,1685352,-77.24402336,37.4958059,POINT (-77.24402336086102 37.49580590391546)
51,75,400500,1400000US51075400500,51075400500,4005,Census Tract 4005,VA,Goochland County,Virginia,CT,265365137,6143470,-78.0537926,37.7822625,POINT (-78.053792604535 37.78226250152007)
51,41,101013,1400000US51041101013,51041101013,1010.13,Census Tract 1010.13,VA,Chesterfield County,Virginia,CT,11511087,120071,-77.61817889,37.39472668,POINT (-77.61817888814718 37.39472668127046)
51,760,50100,1400000US51760050100,51760050100,501,Census Tract 501,VA,Richmond city,Virginia,CT,1683369,0,-77.48460675,37.57022207,POINT (-77.48460674881123 37.570222070507945)
51,760,70100,1400000US51760070100,51760070100,701,Census Tract 701,VA,Richmond city,Virginia,CT,10192484,64978,-77.57475071,37.54653388,POINT (-77.5747507092733 37.5465338779208)
51,85,320902,1400000US51085320902,51085320902,3209.02,Census Tract 3209.02,VA,Hanover County,Virginia,CT,14393013,103265,-77.38681578,37.63660736,POINT (-77.38681578335574 37.63660735964822)
51,760,41400,1400000US51760041400,51760041400,414,Census Tract 414,VA,Richmond city,Virginia,CT,630918,0,-77.4699502,37.543448,POINT (-77.4699502016665 37.54344800386541)
51,760,70601,1400000US51760070601,51760070601,706.01,Census Tract 706.01,VA,Richmond city,Virginia,CT,3485109,0,-77.49295088,37.50001787,POINT (-77.49295087591899 37.50001786905895)
51,87,200414,1400000US51087200414,51087200414,2004.14,Census Tract 2004.14,VA,Henrico County,Virginia,CT,3829382,53203,-77.55239917,37.66159884,POINT (-77.55239917297446 37.66159883541415)
51,760,10800,1400000US51760010800,51760010800,108,Census Tract 108,VA,Richmond city,Virginia,CT,1469607,0,-77.42070543,37.57527886,POINT (-77.42070543119493 37.575278857447664)
51,41,100902,1400000US51041100902,51041100902,1009.02,Census Tract 1009.02,VA,Chesterfield County,Virginia,CT,5116038,5197,-77.56921858,37.53045113,POINT (-77.56921857693308 37.53045112724897)
51,75,400101,1400000US51075400101,51075400101,4001.01,Census Tract 4001.01,VA,Goochland County,Virginia,CT,52395041,1988579,-77.68299554,37.60434673,POINT (-77.6829955433757 37.60434672946437)
51,41,100705,1400000US51041100705,51041100705,1007.05,Census Tract 1007.05,VA,Chesterfield County,Virginia,CT,65346718,682957,-77.54650989,37.30209467,POINT (-77.54650989331608 37.30209466539443)
51,760,20400,1400000US51760020400,51760020400,204,Census Tract 204,VA,Richmond city,Virginia,CT,1768368,0,-77.42088542,37.546529,POINT (-77.4208854239443 37.54652900358536)
51,85,320702,1400000US51085320702,51085320702,3207.02,Census Tract 3207.02,VA,Hanover County,Virginia,CT,68045579,1074691,-77.33973544,37.72429497,POINT (-77.3397354429418 37.72429497133764)
51,760,20600,1400000US51760020600,51760020600,206,Census Tract 206,VA,Richmond city,Virginia,CT,473839,0,-77.41569157,37.53339478,POINT (-77.41569156853424 37.5333947831075)
51,87,200149,1400000US51087200149,51087200149,2001.49,Census Tract 2001.49,VA,Henrico County,Virginia,CT,3717185,36459,-77.60039992,37.66826832,POINT (-77.6003999189225 37.66826832262241)
51,87,200143,1400000US51087200143,51087200143,2001.43,Census Tract 2001.43,VA,Henrico County,Virginia,CT,2132295,43405,-77.60422964,37.63998125,POINT (-77.60422964361705 37.63998124560359)
51,85,320805,1400000US51085320805,51085320805,3208.05,Census Tract 3208.05,VA,Hanover County,Virginia,CT,8590659,3572,-77.42512268,37.6646678,POINT (-77.42512267815975 37.66466779619397)
51,87,200145,1400000US51087200145,51087200145,2001.45,Census Tract 2001.45,VA,Henrico County,Virginia,CT,3609185,23093,-77.62091788,37.69726831,POINT (-77.62091787966979 37.697268305732)
51,41,100409,1400000US51041100409,51041100409,1004.09,Census Tract 1004.09,VA,Chesterfield County,Virginia,CT,10737785,12143,-77.42961382,37.3696818,POINT (-77.42961382044136 37.36968180266313)
51,41,100507,1400000US51041100507,51041100507,1005.07,Census Tract 1005.07,VA,Chesterfield County,Virginia,CT,10526449,17830,-77.43856897,37.3079419,POINT (-77.43856896707703 37.30794190008092)
51,41,100212,1400000US51041100212,51041100212,1002.12,Census Tract 1002.12,VA,Chesterfield County,Virginia,CT,2001386,11895,-77.50450006,37.45746628,POINT (-77.5045000596032 37.45746627818334)
51,87,200153,1400000US51087200153,51087200153,2001.53,Census Tract 2001.53,VA,Henrico County,Virginia,CT,2261426,6330,-77.57100175,37.6124798,POINT (-77.57100175473788 37.61247980079814)
51,41,100919,1400000US51041100919,51041100919,1009.19,Census Tract 1009.19,VA,Chesterfield County,Virginia,CT,14383521,27671,-77.61338001,37.44792263,POINT (-77.61338000513638 37.44792263319918)
51,41,100926,1400000US51041100926,51041100926,1009.26,Census Tract 1009.26,VA,Chesterfield County,Virginia,CT,15447772,125265,-77.62368907,37.54395099,POINT (-77.62368907127822 37.54395098791658)
51,760,10500,1400000US51760010500,51760010500,105,Census Tract 105,VA,Richmond city,Virginia,CT,800398,0,-77.43829649,37.57986099,POINT (-77.43829648845615 37.5798609880481)
51,41,100211,1400000US51041100211,51041100211,1002.11,Census Tract 1002.11,VA,Chesterfield County,Virginia,CT,1982943,0,-77.51523352,37.46884745,POINT (-77.51523351543344 37.468847449319576)
51,760,11000,1400000US51760011000,51760011000,110,Census Tract 110,VA,Richmond city,Virginia,CT,1303765,0,-77.42977247,37.56257549,POINT (-77.42977247186138 37.56257549498293)
51,41,100702,1400000US51041100702,51041100702,1007.02,Census Tract 1007.02,VA,Chesterfield County,Virginia,CT,27221673,322251,-77.46611795,37.2606962,POINT (-77.46611794810781 37.26069619784386)
51,41,100929,1400000US51041100929,51041100929,1009.29,Census Tract 1009.29,VA,Chesterfield County,Virginia,CT,7638208,118239,-77.6442745,37.47635305,POINT (-77.64427449659254 37.476353050676224)
51,85,321202,1400000US51085321202,51085321202,3212.02,Census Tract 3212.02,VA,Hanover County,Virginia,CT,8887075,96758,-77.34349514,37.58490558,POINT (-77.34349514343835 37.58490558337123)
51,760,71004,1400000US51760071004,51760071004,710.04,Census Tract 710.04,VA,Richmond city,Virginia,CT,1304160,0,-77.52140919,37.50809808,POINT (-77.52140918967925 37.50809808484289)
51,41,100817,1400000US51041100817,51041100817,1008.17,Census Tract 1008.17,VA,Chesterfield County,Virginia,CT,5177878,0,-77.49978556,37.38463151,POINT (-77.49978556060498 37.38463150760887)
51,85,320400,1400000US51085320400,51085320400,3204,Census Tract 3204,VA,Hanover County,Virginia,CT,58245255,348336,-77.53119038,37.72350989,POINT (-77.53119038188602 37.72350988654313)
51,85,320601,1400000US51085320601,51085320601,3206.01,Census Tract 3206.01,VA,Hanover County,Virginia,CT,15250605,111816,-77.47144709,37.77593334,POINT (-77.471447092379 37.77593334367191)
51,41,100936,1400000US51041100936,51041100936,1009.36,Census Tract 1009.36,VA,Chesterfield County,Virginia,CT,6587688,164025,-77.64224285,37.52068898,POINT (-77.64224284993648 37.52068897767965)
51,85,321001,1400000US51085321001,51085321001,3210.01,Census Tract 3210.01,VA,Hanover County,Virginia,CT,6231222,46640,-77.35319382,37.62262564,POINT (-77.35319381731391 37.62262564206291)
51,760,61002,1400000US51760061002,51760061002,610.02,Census Tract 610.02,VA,Richmond city,Virginia,CT,1685098,568654,-77.43947253,37.52581857,POINT (-77.43947252998339 37.52581856918993)
51,41,100920,1400000US51041100920,51041100920,1009.2,Census Tract 1009.20,VA,Chesterfield County,Virginia,CT,3303860,0,-77.60239076,37.5124001,POINT (-77.60239075564184 37.51240009676803)
51,41,100107,1400000US51041100107,51041100107,1001.07,Census Tract 1001.07,VA,Chesterfield County,Virginia,CT,2973838,116776,-77.53518917,37.50805197,POINT (-77.53518916791029 37.50805197166218)
51,87,200124,1400000US51087200124,51087200124,2001.24,Census Tract 2001.24,VA,Henrico County,Virginia,CT,3101142,8566,-77.62223472,37.61613825,POINT (-77.6222347170696 37.61613825304584)
51,760,20900,1400000US51760020900,51760020900,209,Census Tract 209,VA,Richmond city,Virginia,CT,2740016,3961,-77.39797056,37.53285207,POINT (-77.39797055979933 37.53285207143234)
51,41,101004,1400000US51041101004,51041101004,1010.04,Census Tract 1010.04,VA,Chesterfield County,Virginia,CT,147020727,3155849,-77.73903567,37.33506438,POINT (-77.73903567030517 37.33506438395962)
51,41,101003,1400000US51041101003,51041101003,1010.03,Census Tract 1010.03,VA,Chesterfield County,Virginia,CT,116961644,1892001,-77.78210495,37.41900592,POINT (-77.78210494773694 37.41900592036033)
51,87,201502,1400000US51087201502,51087201502,2015.02,Census Tract 2015.02,VA,Henrico County,Virginia,CT,35854465,304915,-77.33376795,37.46556736,POINT (-77.33376795000886 37.46556736342452)
51,41,100928,1400000US51041100928,51041100928,1009.28,Census Tract 1009.28,VA,Chesterfield County,Virginia,CT,19928759,48635,-77.67962214,37.48918829,POINT (-77.6796221415788 37.48918829290356)
51,760,10300,1400000US51760010300,51760010300,103,Census Tract 103,VA,Richmond city,Virginia,CT,1238759,4723,-77.44334733,37.59396412,POINT (-77.44334732922013 37.59396412046083)
51,85,321300,1400000US51085321300,51085321300,3213,Census Tract 3213,VA,Hanover County,Virginia,CT,21864909,76078,-77.29680248,37.59112522,POINT (-77.29680248312577 37.59112521969857)
51,85,320801,1400000US51085320801,51085320801,3208.01,Census Tract 3208.01,VA,Hanover County,Virginia,CT,24569051,117420,-77.43517464,37.72101115,POINT (-77.43517463666346 37.72101115161248)
51,87,200418,1400000US51087200418,51087200418,2004.18,Census Tract 2004.18,VA,Henrico County,Virginia,CT,1349700,3100,-77.51315144,37.61902476,POINT (-77.51315144039752 37.61902475761247)
51,760,71003,1400000US51760071003,51760071003,710.03,Census Tract 710.03,VA,Richmond city,Virginia,CT,1431978,0,-77.51331267,37.51161927,POINT (-77.51331266576501 37.51161926704143)
51,87,200411,1400000US51087200411,51087200411,2004.11,Census Tract 2004.11,VA,Henrico County,Virginia,CT,2441894,38828,-77.52773459,37.63924298,POINT (-77.527734591198 37.639242981377805)
51,75,400400,1400000US51075400400,51075400400,4004,Census Tract 4004,VA,Goochland County,Virginia,CT,205971479,6533339,-77.94915119,37.72443114,POINT (-77.9491511873919 37.7244311350414)
51,41,100924,1400000US51041100924,51041100924,1009.24,Census Tract 1009.24,VA,Chesterfield County,Virginia,CT,12637166,60835,-77.69061582,37.52010733,POINT (-77.69061581887598 37.52010733359897)
51,85,320901,1400000US51085320901,51085320901,3209.01,Census Tract 3209.01,VA,Hanover County,Virginia,CT,16020141,32426,-77.35950464,37.65874207,POINT (-77.35950463689274 37.65874207463375)
51,41,100822,1400000US51041100822,51041100822,1008.22,Census Tract 1008.22,VA,Chesterfield County,Virginia,CT,39626705,749978,-77.49261723,37.33063493,POINT (-77.49261723055503 37.33063493444562)
51,85,321004,1400000US51085321004,51085321004,3210.04,Census Tract 3210.04,VA,Hanover County,Virginia,CT,18792305,237156,-77.3166095,37.6515441,POINT (-77.31660950340907 37.65154410025296)
51,87,200407,1400000US51087200407,51087200407,2004.07,Census Tract 2004.07,VA,Henrico County,Virginia,CT,3252139,6497,-77.54576825,37.64290272,POINT (-77.54576824608608 37.64290271671887)
51,87,200801,1400000US51087200801,51087200801,2008.01,Census Tract 2008.01,VA,Henrico County,Virginia,CT,5660303,117138,-77.47242397,37.6309301,POINT (-77.47242397212776 37.6309301017666)
51,87,200122,1400000US51087200122,51087200122,2001.22,Census Tract 2001.22,VA,Henrico County,Virginia,CT,3477863,6751,-77.62337175,37.6271046,POINT (-77.62337175407423 37.62710460333664)
51,41,101009,1400000US51041101009,51041101009,1010.09,Census Tract 1010.09,VA,Chesterfield County,Virginia,CT,15710825,179719,-77.6982259,37.38527966,POINT (-77.69822590368662 37.38527965737711)
51,87,200148,1400000US51087200148,51087200148,2001.48,Census Tract 2001.48,VA,Henrico County,Virginia,CT,6373381,79747,-77.57818533,37.68231409,POINT (-77.57818533024465 37.68231408808136)
51,760,40800,1400000US51760040800,51760040800,408,Census Tract 408,VA,Richmond city,Virginia,CT,541701,0,-77.48546707,37.55645468,POINT (-77.48546706621882 37.55645467855522)
51,41,100915,1400000US51041100915,51041100915,1009.15,Census Tract 1009.15,VA,Chesterfield County,Virginia,CT,5031270,10350,-77.63418207,37.50948349,POINT (-77.63418207142635 37.50948348857848)
51,760,21100,1400000US51760021100,51760021100,211,Census Tract 211,VA,Richmond city,Virginia,CT,1517762,34303,-77.40724566,37.5193734,POINT (-77.40724566476682 37.519373395482525)
51,87,200904,1400000US51087200904,51087200904,2009.04,Census Tract 2009.04,VA,Henrico County,Virginia,CT,14232008,1054665,-77.43370261,37.64087913,POINT (-77.43370260593366 37.640879130332365)
51,760,30502,1400000US51760030502,51760030502,305.02,Census Tract 305.02,VA,Richmond city,Virginia,CT,1436522,375712,-77.43921047,37.5360341,POINT (-77.43921046804147 37.5360340954292)
51,87,201203,1400000US51087201203,51087201203,2012.03,Census Tract 2012.03,VA,Henrico County,Virginia,CT,9013634,563522,-77.3340907,37.56062161,POINT (-77.33409070120062 37.56062161140294)
51,87,200108,1400000US51087200108,51087200108,2001.08,Census Tract 2001.08,VA,Henrico County,Virginia,CT,16578911,3095556,-77.59336363,37.56692279,POINT (-77.5933636295779 37.56692279305806)
51,87,201001,1400000US51087201001,51087201001,2010.01,Census Tract 2010.01,VA,Henrico County,Virginia,CT,14550060,464830,-77.38063857,37.58368851,POINT (-77.38063857442846 37.583688509869)
51,41,100823,1400000US51041100823,51041100823,1008.23,Census Tract 1008.23,VA,Chesterfield County,Virginia,CT,10379556,126930,-77.47619773,37.36556589,POINT (-77.47619773485667 37.36556589407854)
51,85,320602,1400000US51085320602,51085320602,3206.02,Census Tract 3206.02,VA,Hanover County,Virginia,CT,8598106,1774,-77.47318377,37.74416695,POINT (-77.4731837664395 37.74416694826194)
51,41,100106,1400000US51041100106,51041100106,1001.06,Census Tract 1001.06,VA,Chesterfield County,Virginia,CT,5609552,40874,-77.54703564,37.51851129,POINT (-77.54703563996323 37.51851128523234)
51,760,10900,1400000US51760010900,51760010900,109,Census Tract 109,VA,Richmond city,Virginia,CT,1763623,0,-77.41765284,37.56396963,POINT (-77.41765283918524 37.56396963003078)
51,760,41100,1400000US51760041100,51760041100,411,Census Tract 411,VA,Richmond city,Virginia,CT,874023,0,-77.46668641,37.54860048,POINT (-77.4666864096468 37.54860047643447)
51,41,101011,1400000US51041101011,51041101011,1010.11,Census Tract 1010.11,VA,Chesterfield County,Virginia,CT,2581808,0,-77.65534393,37.3946593,POINT (-77.6553439341235 37.39465929760114)
51,87,200137,1400000US51087200137,51087200137,2001.37,Census Tract 2001.37,VA,Henrico County,Virginia,CT,1083913,2555,-77.58334569,37.61247448,POINT (-77.58334568563653 37.6124744832065)
51,760,70700,1400000US51760070700,51760070700,707,Census Tract 707,VA,Richmond city,Virginia,CT,4555459,0,-77.50872833,37.49152382,POINT (-77.50872832691527 37.491523824369565)
51,87,200142,1400000US51087200142,51087200142,2001.42,Census Tract 2001.42,VA,Henrico County,Virginia,CT,2196655,893,-77.62292089,37.63989342,POINT (-77.62292089342688 37.63989342003453)
51,127,700301,1400000US51127700301,51127700301,7003.01,Census Tract 7003.01,VA,New Kent County,Virginia,CT,113031075,8894219,-76.96241525,37.44593983,POINT (-76.96241524849484 37.4459398346653)
51,87,200302,1400000US51087200302,51087200302,2003.02,Census Tract 2003.02,VA,Henrico County,Virginia,CT,2441640,6199,-77.5175129,37.58983732,POINT (-77.51751290188966 37.589837317692414)
51,760,30200,1400000US51760030200,51760030200,302,Census Tract 302,VA,Richmond city,Virginia,CT,1311450,0,-77.43607585,37.54572968,POINT (-77.43607584835716 37.54572967909836)
51,760,10600,1400000US51760010600,51760010600,106,Census Tract 106,VA,Richmond city,Virginia,CT,897082,0,-77.44178703,37.57199039,POINT (-77.44178702645542 37.57199038537702)
51,127,700200,1400000US51127700200,51127700200,7002,Census Tract 7002,VA,New Kent County,Virginia,CT,135237223,3446975,-77.0683817,37.51758466,POINT (-77.06838169811662 37.51758466362566)
51,41,100816,1400000US51041100816,51041100816,1008.16,Census Tract 1008.16,VA,Chesterfield County,Virginia,CT,4328452,33784,-77.47119828,37.38550877,POINT (-77.47119827623409 37.38550876878678)
51,41,100505,1400000US51041100505,51041100505,1005.05,Census Tract 1005.05,VA,Chesterfield County,Virginia,CT,10361094,114634,-77.43662449,37.34661541,POINT (-77.43662449012265 37.34661541127327)
51,760,70300,1400000US51760070300,51760070300,703,Census Tract 703,VA,Richmond city,Virginia,CT,3539772,0,-77.54217078,37.54069628,POINT (-77.54217078301878 37.54069627815891)
51,41,100821,1400000US51041100821,51041100821,1008.21,Census Tract 1008.21,VA,Chesterfield County,Virginia,CT,63932814,1294683,-77.56965311,37.36559954,POINT (-77.56965311042661 37.36559953963565)
51,145,500101,1400000US51145500101,51145500101,5001.01,Census Tract 5001.01,VA,Powhatan County,Virginia,CT,127380466,1710883,-77.76191667,37.55767063,POINT (-77.76191666760045 37.557670630101285)
51,87,201403,1400000US51087201403,51087201403,2014.03,Census Tract 2014.03,VA,Henrico County,Virginia,CT,24282211,1673340,-77.2683449,37.53480774,POINT (-77.26834490308558 37.53480774307168)
51,41,100819,1400000US51041100819,51041100819,1008.19,Census Tract 1008.19,VA,Chesterfield County,Virginia,CT,9607075,64643,-77.50968155,37.43754339,POINT (-77.5096815461667 37.43754339093621)
51,85,321403,1400000US51085321403,51085321403,3214.03,Census Tract 3214.03,VA,Hanover County,Virginia,CT,78558767,1041068,-77.17923965,37.62402478,POINT (-77.17923964859985 37.624024778628815)
51,85,321401,1400000US51085321401,51085321401,3214.01,Census Tract 3214.01,VA,Hanover County,Virginia,CT,56777582,496731,-77.25895891,37.67861465,POINT (-77.25895890653455 37.67861465038944)
51,760,60800,1400000US51760060800,51760060800,608,Census Tract 608,VA,Richmond city,Virginia,CT,6970692,1044348,-77.43153703,37.47726522,POINT (-77.43153703393311 37.47726521797427)
51,41,101012,1400000US51041101012,51041101012,1010.12,Census Tract 1010.12,VA,Chesterfield County,Virginia,CT,6169419,28503,-77.6384137,37.4080954,POINT (-77.63841370065516 37.40809540449031)
51,760,40600,1400000US51760040600,51760040600,406,Census Tract 406,VA,Richmond city,Virginia,CT,301462,0,-77.47402292,37.56174588,POINT (-77.47402291819925 37.56174587706089)
51,75,400102,1400000US51075400102,51075400102,4001.02,Census Tract 4001.02,VA,Goochland County,Virginia,CT,61519005,940006,-77.68626193,37.67237945,POINT (-77.68626193087444 37.67237944645786)
51,41,100508,1400000US51041100508,51041100508,1005.08,Census Tract 1005.08,VA,Chesterfield County,Virginia,CT,8303758,78940,-77.41493663,37.3012045,POINT (-77.41493662984874 37.3012045043138)
51,760,40900,1400000US51760040900,51760040900,409,Census Tract 409,VA,Richmond city,Virginia,CT,677554,0,-77.47818324,37.55499684,POINT (-77.47818323889565 37.55499683851262)
51,85,321201,1400000US51085321201,51085321201,3212.01,Census Tract 3212.01,VA,Hanover County,Virginia,CT,11255521,16144,-77.32329616,37.5880924,POINT (-77.3232961611456 37.58809239608156)
51,87,200132,1400000US51087200132,51087200132,2001.32,Census Tract 2001.32,VA,Henrico County,Virginia,CT,2775697,1082,-77.55332965,37.61321047,POINT (-77.553329654831 37.61321046597857)
51,41,100407,1400000US51041100407,51041100407,1004.07,Census Tract 1004.07,VA,Chesterfield County,Virginia,CT,8695884,0,-77.43519495,37.39367918,POINT (-77.4351949532214 37.39367917797749)
51,87,201104,1400000US51087201104,51087201104,2011.04,Census Tract 2011.04,VA,Henrico County,Virginia,CT,5115665,16339,-77.37815208,37.54418254,POINT (-77.37815208079034 37.54418254427002)
51,41,100506,1400000US51041100506,51041100506,1005.06,Census Tract 1005.06,VA,Chesterfield County,Virginia,CT,11231555,52917,-77.41415866,37.32218428,POINT (-77.41415866199233 37.32218427742873)
51,760,60502,1400000US51760060502,51760060502,605.02,Census Tract 605.02,VA,Richmond city,Virginia,CT,2398003,292496,-77.47975428,37.51966904,POINT (-77.47975428348165 37.51966904186951)
51,760,70804,1400000US51760070804,51760070804,708.04,Census Tract 708.04,VA,Richmond city,Virginia,CT,3607748,0,-77.4991603,37.47076115,POINT (-77.4991602995949 37.47076115484265)
51,87,201003,1400000US51087201003,51087201003,2010.03,Census Tract 2010.03,VA,Henrico County,Virginia,CT,5179369,13061,-77.39359536,37.56040555,POINT (-77.39359535587803 37.560405553002205)
51,87,200807,1400000US51087200807,51087200807,2008.07,Census Tract 2008.07,VA,Henrico County,Virginia,CT,4274239,62734,-77.42789836,37.6086521,POINT (-77.42789836488895 37.60865209989497)
51,41,100912,1400000US51041100912,51041100912,1009.12,Census Tract 1009.12,VA,Chesterfield County,Virginia,CT,7964559,2555725,-77.65287453,37.43553501,POINT (-77.65287452622388 37.4355350096998)
51,85,320500,1400000US51085320500,51085320500,3205,Census Tract 3205,VA,Hanover County,Virginia,CT,58671202,658236,-77.52199663,37.77211832,POINT (-77.52199663361127 37.77211831780779)
51,87,200416,1400000US51087200416,51087200416,2004.16,Census Tract 2004.16,VA,Henrico County,Virginia,CT,8275760,40066,-77.51857493,37.66649495,POINT (-77.51857493467632 37.66649495033667)
51,760,60700,1400000US51760060700,51760060700,607,Census Tract 607,VA,Richmond city,Virginia,CT,7162479,527187,-77.43573925,37.50612358,POINT (-77.43573924717468 37.5061235779819)
51,41,100923,1400000US51041100923,51041100923,1009.23,Census Tract 1009.23,VA,Chesterfield County,Virginia,CT,3219520,0,-77.55905676,37.48625306,POINT (-77.5590567554096 37.48625306149548)
51,145,500102,1400000US51145500102,51145500102,5001.02,Census Tract 5001.02,VA,Powhatan County,Virginia,CT,87914252,555718,-77.82617795,37.47522126,POINT (-77.82617794981019 37.475221256753)
51,760,50600,1400000US51760050600,51760050600,506,Census Tract 506,VA,Richmond city,Virginia,CT,4856575,1405028,-77.50782644,37.55540179,POINT (-77.5078264424167 37.55540178699026)
51,41,100807,1400000US51041100807,51041100807,1008.07,Census Tract 1008.07,VA,Chesterfield County,Virginia,CT,3470897,0,-77.4625503,37.42003361,POINT (-77.46255030084579 37.42003360765533)
51,87,200127,1400000US51087200127,51087200127,2001.27,Census Tract 2001.27,VA,Henrico County,Virginia,CT,5245519,77481,-77.59024487,37.63015772,POINT (-77.59024486614557 37.63015771920967)
51,87,200136,1400000US51087200136,51087200136,2001.36,Census Tract 2001.36,VA,Henrico County,Virginia,CT,2544241,34561,-77.62708198,37.60516301,POINT (-77.62708198182406 37.60516301005997)
51,87,200700,1400000US51087200700,51087200700,2007,Census Tract 2007,VA,Henrico County,Virginia,CT,3004660,61338,-77.46366725,37.60727901,POINT (-77.46366724897337 37.607279009985575)
51,41,100704,1400000US51041100704,51041100704,1007.04,Census Tract 1007.04,VA,Chesterfield County,Virginia,CT,70726237,4784420,-77.57949425,37.26699697,POINT (-77.57949424667369 37.26699697197214)
51,36,600200,1400000US51036600200,51036600200,6002,Census Tract 6002,VA,Charles City County,Virginia,CT,110057676,3556454,-77.1088509,37.38383884,POINT (-77.10885089608244 37.38383883655814)
51,87,200109,1400000US51087200109,51087200109,2001.09,Census Tract 2001.09,VA,Henrico County,Virginia,CT,4417638,57850,-77.56677282,37.57877141,POINT (-77.56677282473582 37.578771413203896)
51,87,201601,1400000US51087201601,51087201601,2016.01,Census Tract 2016.01,VA,Henrico County,Virginia,CT,88170047,9181342,-77.25938321,37.4257625,POINT (-77.25938321442969 37.42576250266637)
51,145,500201,1400000US51145500201,51145500201,5002.01,Census Tract 5002.01,VA,Powhatan County,Virginia,CT,106764793,794267,-77.89555426,37.59482961,POINT (-77.89555426373893 37.594829608055086)
51,87,200503,1400000US51087200503,51087200503,2005.03,Census Tract 2005.03,VA,Henrico County,Virginia,CT,5864308,40735,-77.49654127,37.63008676,POINT (-77.49654126867436 37.63008675859423)
51,41,100701,1400000US51041100701,51041100701,1007.01,Census Tract 1007.01,VA,Chesterfield County,Virginia,CT,11494304,456046,-77.44977765,37.23958262,POINT (-77.44977764869235 37.239582616096605)
51,87,200907,1400000US51087200907,51087200907,2009.07,Census Tract 2009.07,VA,Henrico County,Virginia,CT,9348221,163256,-77.47297721,37.67600809,POINT (-77.47297721482308 37.67600808782018)
51,87,200139,1400000US51087200139,51087200139,2001.39,Census Tract 2001.39,VA,Henrico County,Virginia,CT,3051198,106117,-77.6434502,37.6348655,POINT (-77.64345019889191 37.63486550054332)
51,760,41600,1400000US51760041600,51760041600,416,Census Tract 416,VA,Richmond city,Virginia,CT,2908810,366875,-77.48295497,37.54192147,POINT (-77.48295497251311 37.54192147187036)
51,41,100907,1400000US51041100907,51041100907,1009.07,Census Tract 1009.07,VA,Chesterfield County,Virginia,CT,4931474,32335,-77.56475993,37.50674144,POINT (-77.564759934694 37.50674144499264)
51,127,700100,1400000US51127700100,51127700100,7001,Census Tract 7001,VA,New Kent County,Virginia,CT,114284513,1011887,-77.15258488,37.55150403,POINT (-77.15258488435892 37.55150403064477)
51,41,100805,1400000US51041100805,51041100805,1008.05,Census Tract 1008.05,VA,Chesterfield County,Virginia,CT,5720062,0,-77.4843688,37.43053405,POINT (-77.48436880086871 37.43053405403385)
51,87,200135,1400000US51087200135,51087200135,2001.35,Census Tract 2001.35,VA,Henrico County,Virginia,CT,2550096,75512,-77.60514833,37.60266812,POINT (-77.60514832966118 37.60266812219886)
51,87,200150,1400000US51087200150,51087200150,2001.5,Census Tract 2001.50,VA,Henrico County,Virginia,CT,7444974,168309,-77.5758222,37.66460693,POINT (-77.57582220175745 37.664606927292304)
51,85,320300,1400000US51085320300,51085320300,3203,Census Tract 3203,VA,Hanover County,Virginia,CT,109103863,1439241,-77.6706394,37.73181814,POINT (-77.67063940115563 37.73181813696031)
51,87,200415,1400000US51087200415,51087200415,2004.15,Census Tract 2004.15,VA,Henrico County,Virginia,CT,6103443,101732,-77.51746876,37.68940593,POINT (-77.51746876337859 37.6894059268652)
51,145,500400,1400000US51145500400,51145500400,5004,Census Tract 5004,VA,Powhatan County,Virginia,CT,256265039,1480784,-78.03659791,37.55038368,POINT (-78.03659791182956 37.55038367813099)
51,41,100510,1400000US51041100510,51041100510,1005.1,Census Tract 1005.10,VA,Chesterfield County,Virginia,CT,6599780,37127,-77.32318296,37.32181582,POINT (-77.32318296014314 37.32181581553189)
51,760,10401,1400000US51760010401,51760010401,104.01,Census Tract 104.01,VA,Richmond city,Virginia,CT,1384206,0,-77.45359412,37.58808447,POINT (-77.45359412418883 37.58808446963167)
51,87,201405,1400000US51087201405,51087201405,2014.05,Census Tract 2014.05,VA,Henrico County,Virginia,CT,2316646,97954,-77.35729804,37.53901678,POINT (-77.35729803563565 37.53901678072548)
51,41,100938,1400000US51041100938,51041100938,1009.38,Census Tract 1009.38,VA,Chesterfield County,Virginia,CT,22041462,462142,-77.71174779,37.47590889,POINT (-77.71174779484717 37.47590888855158)
51,87,201602,1400000US51087201602,51087201602,2016.02,Census Tract 2016.02,VA,Henrico County,Virginia,CT,68449675,7727304,-77.36904638,37.42826207,POINT (-77.36904638351935 37.42826207079475)
51,41,100814,1400000US51041100814,51041100814,1008.14,Census Tract 1008.14,VA,Chesterfield County,Virginia,CT,5845527,0,-77.49516004,37.40390745,POINT (-77.49516003710006 37.4039074531397)
51,87,201204,1400000US51087201204,51087201204,2012.04,Census Tract 2012.04,VA,Henrico County,Virginia,CT,2532642,991,-77.32738466,37.54985594,POINT (-77.32738466027061 37.54985594394238)
51,87,200123,1400000US51087200123,51087200123,2001.23,Census Tract 2001.23,VA,Henrico County,Virginia,CT,1650412,27363,-77.64343651,37.61691867,POINT (-77.643436507639 37.61691867082178)
51,41,100405,1400000US51041100405,51041100405,1004.05,Census Tract 1004.05,VA,Chesterfield County,Virginia,CT,1840134,0,-77.44675301,37.43851199,POINT (-77.44675301108174 37.438511985818096)
51,760,40202,1400000US51760040202,51760040202,402.02,Census Tract 402.02,VA,Richmond city,Virginia,CT,3556654,0,-77.4639217,37.56693611,POINT (-77.46392169773196 37.56693610731649)
51,41,100403,1400000US51041100403,51041100403,1004.03,Census Tract 1004.03,VA,Chesterfield County,Virginia,CT,61242756,10191570,-77.34009923,37.36551726,POINT (-77.34009922724667 37.36551725826562)
51,760,70400,1400000US51760070400,51760070400,704,Census Tract 704,VA,Richmond city,Virginia,CT,7327774,477040,-77.52289864,37.54402887,POINT (-77.52289864325535 37.544028871039735)
51,41,100921,1400000US51041100921,51041100921,1009.21,Census Tract 1009.21,VA,Chesterfield County,Virginia,CT,3738270,10697,-77.58687364,37.51932041,POINT (-77.58687363827771 37.51932040535839)
51,87,200905,1400000US51087200905,51087200905,2009.05,Census Tract 2009.05,VA,Henrico County,Virginia,CT,5600686,26330,-77.47985562,37.65196309,POINT (-77.47985562092202 37.65196308512729)
51,760,70803,1400000US51760070803,51760070803,708.03,Census Tract 708.03,VA,Richmond city,Virginia,CT,3040207,0,-77.48956101,37.48129907,POINT (-77.4895610125148 37.48129907437138)
51,41,100509,1400000US51041100509,51041100509,1005.09,Census Tract 1005.09,VA,Chesterfield County,Virginia,CT,32190096,3206197,-77.37201415,37.31882739,POINT (-77.37201414688512 37.31882739208327)
51,41,100931,1400000US51041100931,51041100931,1009.31,Census Tract 1009.31,VA,Chesterfield County,Virginia,CT,8610865,0,-77.61411449,37.4880354,POINT (-77.61411448740982 37.48803539946952)
51,87,201205,1400000US51087201205,51087201205,2012.05,Census Tract 2012.05,VA,Henrico County,Virginia,CT,3924941,6789,-77.3313738,37.53882433,POINT (-77.33137379610653 37.53882432730039)
51,760,20502,1400000US51760020502,51760020502,205.02,Census Tract 205.02,VA,Richmond city,Virginia,CT,544135,0,-77.42247154,37.53444058,POINT (-77.4224715350468 37.53444057831497)
51,87,200502,1400000US51087200502,51087200502,2005.02,Census Tract 2005.02,VA,Henrico County,Virginia,CT,5198358,33580,-77.48519758,37.59358062,POINT (-77.48519758070759 37.59358062037778)
51,85,321402,1400000US51085321402,51085321402,3214.02,Census Tract 3214.02,VA,Hanover County,Virginia,CT,52403016,680921,-77.25179057,37.60113008,POINT (-77.2517905721588 37.60113007890898)
51,41,100815,1400000US51041100815,51041100815,1008.15,Census Tract 1008.15,VA,Chesterfield County,Virginia,CT,5673764,0,-77.46936866,37.4035199,POINT (-77.46936866084775 37.40351990455585)
51,760,70802,1400000US51760070802,51760070802,708.02,Census Tract 708.02,VA,Richmond city,Virginia,CT,2979053,528,-77.47743608,37.46934393,POINT (-77.47743608069756 37.46934392786575)
51,145,500300,1400000US51145500300,51145500300,5003,Census Tract 5003,VA,Powhatan County,Virginia,CT,33482296,200018,-77.87952952,37.6446798,POINT (-77.87952951531315 37.644679796027845)
51,41,100804,1400000US51041100804,51041100804,1008.04,Census Tract 1008.04,VA,Chesterfield County,Virginia,CT,5171126,279249,-77.46922264,37.45119552,POINT (-77.46922263800518 37.45119552092424)
51,87,200144,1400000US51087200144,51087200144,2001.44,Census Tract 2001.44,VA,Henrico County,Virginia,CT,2135948,24742,-77.60250445,37.64853829,POINT (-77.60250444995789 37.64853829038282)
51,127,700302,1400000US51127700302,51127700302,7003.02,Census Tract 7003.02,VA,New Kent County,Virginia,CT,181433488,22245346,-76.8819588,37.50599597,POINT (-76.88195879844399 37.50599597002332)
51,36,600300,1400000US51036600300,51036600300,6003,Census Tract 6003,VA,Charles City County,Virginia,CT,240491898,38583238,-76.97673227,37.33100999,POINT (-76.97673226901811 37.33100999379624)
51,75,400200,1400000US51075400200,51075400200,4002,Census Tract 4002,VA,Goochland County,Virginia,CT,138706000,4524995,-77.79542232,37.67430492,POINT (-77.79542232176898 37.67430491707064)
51,87,200140,1400000US51087200140,51087200140,2001.4,Census Tract 2001.40,VA,Henrico County,Virginia,CT,4478826,59511,-77.63679408,37.65532899,POINT (-77.63679408212946 37.655328994828906)
51,87,200146,1400000US51087200146,51087200146,2001.46,Census Tract 2001.46,VA,Henrico County,Virginia,CT,2710656,25318,-77.6045801,37.69833912,POINT (-77.60458010121567 37.698339123989015)
51,41,101007,1400000US51041101007,51041101007,1010.07,Census Tract 1010.07,VA,Chesterfield County,Virginia,CT,6861397,2589428,-77.671126,37.41933094,POINT (-77.67112600191413 37.41933093950043)
51,85,320804,1400000US51085320804,51085320804,3208.04,Census Tract 3208.04,VA,Hanover County,Virginia,CT,5506509,77405,-77.42040307,37.68215954,POINT (-77.42040307089692 37.68215954056276)
51,75,400300,1400000US51075400300,51075400300,4003,Census Tract 4003,VA,Goochland County,Virginia,CT,6494755,1804504,-77.86213625,37.65586441,POINT (-77.86213625418588 37.6558644073874)
51,87,200152,1400000US51087200152,51087200152,2001.52,Census Tract 2001.52,VA,Henrico County,Virginia,CT,1998397,443,-77.56512365,37.62289285,POINT (-77.56512365017086 37.622892851537244)
51,85,320803,1400000US51085320803,51085320803,3208.03,Census Tract 3208.03,VA,Hanover County,Virginia,CT,8685511,29326,-77.40178469,37.67555472,POINT (-77.40178469075505 37.67555471967196)
51,36,600100,1400000US51036600100,51036600100,6001,Census Tract 6001,VA,Charles City County,Virginia,CT,123161974,13134988,-77.1917213,37.38472133,POINT (-77.19172130016469 37.384721328220856)
51,85,321100,1400000US51085321100,51085321100,3211,Census Tract 3211,VA,Hanover County,Virginia,CT,8696305,3070,-77.38262891,37.61242252,POINT (-77.38262891029056 37.61242252069209)
51,760,10201,1400000US51760010201,51760010201,102.01,Census Tract 102.01,VA,Richmond city,Virginia,CT,1265350,1065,-77.45650288,37.5956666,POINT (-77.45650288022394 37.59566660257968)
51,87,200806,1400000US51087200806,51087200806,2008.06,Census Tract 2008.06,VA,Henrico County,Virginia,CT,1110661,7113,-77.4375449,37.60239843,POINT (-77.4375448957579 37.60239842645925)
51,87,200202,1400000US51087200202,51087200202,2002.02,Census Tract 2002.02,VA,Henrico County,Virginia,CT,3489540,606,-77.5436194,37.58699555,POINT (-77.54361939508715 37.58699555038394)
51,87,200147,1400000US51087200147,51087200147,2001.47,Census Tract 2001.47,VA,Henrico County,Virginia,CT,9677687,47173,-77.62263732,37.67762241,POINT (-77.6226373245117 37.67762240521009)
51,760,50200,1400000US51760050200,51760050200,502,Census Tract 502,VA,Richmond city,Virginia,CT,1694392,0,-77.49548782,37.57159401,POINT (-77.49548781681833 37.57159401162914)
51,87,200501,1400000US51087200501,51087200501,2005.01,Census Tract 2005.01,VA,Henrico County,Virginia,CT,2818095,14767,-77.50228344,37.59564632,POINT (-77.50228343827406 37.59564631847038)
51,87,200805,1400000US51087200805,51087200805,2008.05,Census Tract 2008.05,VA,Henrico County,Virginia,CT,5009669,5133,-77.42365611,37.59105613,POINT (-77.4236561120298 37.59105613121639)
51,85,320701,1400000US51085320701,51085320701,3207.01,Census Tract 3207.01,VA,Hanover County,Virginia,CT,60065891,595461,-77.40541715,37.75339045,POINT (-77.40541714612715 37.75339044546415)
51,41,100910,1400000US51041100910,51041100910,1009.1,Census Tract 1009.10,VA,Chesterfield County,Virginia,CT,6551644,22977,-77.58335284,37.47501371,POINT (-77.58335283799518 37.47501371277839)
51,145,500202,1400000US51145500202,51145500202,5002.02,Census Tract 5002.02,VA,Powhatan County,Virginia,CT,62114437,702498,-77.90999398,37.5125689,POINT (-77.9099939772165 37.51256889537168)
51,85,320200,1400000US51085320200,51085320200,3202,Census Tract 3202,VA,Hanover County,Virginia,CT,159688540,2447666,-77.68504133,37.80777585,POINT (-77.68504133371904 37.80777584592382)
51,41,100812,1400000US51041100812,51041100812,1008.12,Census Tract 1008.12,VA,Chesterfield County,Virginia,CT,14678538,16697,-77.57030314,37.42885868,POINT (-77.57030314108422 37.42885867830688)
51,760,10700,1400000US51760010700,51760010700,107,Census Tract 107,VA,Richmond city,Virginia,CT,1049235,0,-77.42996025,37.57441823,POINT (-77.42996025001852 37.574418233366096)
51,760,71100,1400000US51760071100,51760071100,711,Census Tract 711,VA,Richmond city,Virginia,CT,4362243,96232,-77.51057175,37.52591345,POINT (-77.51057174857343 37.52591345164478)
51,41,101008,1400000US51041101008,51041101008,1010.08,Census Tract 1010.08,VA,Chesterfield County,Virginia,CT,6632980,17676,-77.70061951,37.41195412,POINT (-77.700619507394 37.41195411893613)
51,87,201504,1400000US51087201504,51087201504,2015.04,Census Tract 2015.04,VA,Henrico County,Virginia,CT,14921509,522662,-77.37121097,37.49660947,POINT (-77.3712109668224 37.49660947193315)
51,760,60400,1400000US51760060400,51760060400,604,Census Tract 604,VA,Richmond city,Virginia,CT,2371767,0,-77.46536277,37.51054076,POINT (-77.46536276647035 37.510540762255225)
