w_tract,workers,Work,Home,Region,State
51036600100,67,Charles City,Richmond City,PlanRVA,VA
51036600200,1,Charles City,Richmond City,PlanRVA,VA
51036600300,8,Charles City,Richmond City,PlanRVA,VA
51041100106,15,Chesterfield,Richmond City,PlanRVA,VA
51041100107,809,Chesterfield,Richmond City,PlanRVA,VA
51041100206,108,Chesterfield,Richmond City,PlanRVA,VA
51041100208,13,Chesterfield,Richmond City,PlanRVA,VA
51041100209,220,Chesterfield,Richmond City,PlanRVA,VA
51041100210,210,Chesterfield,Richmond City,PlanRVA,VA
51041100211,40,Chesterfield,Richmond City,PlanRVA,VA
51041100212,38,Chesterfield,Richmond City,PlanRVA,VA
51041100300,293,Chesterfield,Richmond City,PlanRVA,VA
51041100403,1625,Chesterfield,Richmond City,PlanRVA,VA
51041100404,46,Chesterfield,Richmond City,PlanRVA,VA
51041100405,9,Chesterfield,Richmond City,PlanRVA,VA
51041100406,31,Chesterfield,Richmond City,PlanRVA,VA
51041100407,79,Chesterfield,Richmond City,PlanRVA,VA
51041100409,170,Chesterfield,Richmond City,PlanRVA,VA
51041100410,26,Chesterfield,Richmond City,PlanRVA,VA
51041100505,295,Chesterfield,Richmond City,PlanRVA,VA
51041100506,101,Chesterfield,Richmond City,PlanRVA,VA
51041100507,21,Chesterfield,Richmond City,PlanRVA,VA
51041100508,30,Chesterfield,Richmond City,PlanRVA,VA
51041100509,600,Chesterfield,Richmond City,PlanRVA,VA
51041100510,4,Chesterfield,Richmond City,PlanRVA,VA
51041100600,44,Chesterfield,Richmond City,PlanRVA,VA
51041100701,10,Chesterfield,Richmond City,PlanRVA,VA
51041100702,5,Chesterfield,Richmond City,PlanRVA,VA
51041100704,21,Chesterfield,Richmond City,PlanRVA,VA
51041100705,11,Chesterfield,Richmond City,PlanRVA,VA
51041100804,58,Chesterfield,Richmond City,PlanRVA,VA
51041100805,57,Chesterfield,Richmond City,PlanRVA,VA
51041100806,283,Chesterfield,Richmond City,PlanRVA,VA
51041100807,17,Chesterfield,Richmond City,PlanRVA,VA
51041100812,163,Chesterfield,Richmond City,PlanRVA,VA
51041100814,44,Chesterfield,Richmond City,PlanRVA,VA
51041100815,14,Chesterfield,Richmond City,PlanRVA,VA
51041100816,5,Chesterfield,Richmond City,PlanRVA,VA
51041100817,1065,Chesterfield,Richmond City,PlanRVA,VA
51041100818,23,Chesterfield,Richmond City,PlanRVA,VA
51041100819,98,Chesterfield,Richmond City,PlanRVA,VA
51041100820,212,Chesterfield,Richmond City,PlanRVA,VA
51041100821,107,Chesterfield,Richmond City,PlanRVA,VA
51041100822,228,Chesterfield,Richmond City,PlanRVA,VA
51041100823,87,Chesterfield,Richmond City,PlanRVA,VA
51041100902,148,Chesterfield,Richmond City,PlanRVA,VA
51041100907,297,Chesterfield,Richmond City,PlanRVA,VA
51041100910,50,Chesterfield,Richmond City,PlanRVA,VA
51041100912,171,Chesterfield,Richmond City,PlanRVA,VA
51041100915,466,Chesterfield,Richmond City,PlanRVA,VA
51041100919,426,Chesterfield,Richmond City,PlanRVA,VA
51041100920,835,Chesterfield,Richmond City,PlanRVA,VA
51041100921,73,Chesterfield,Richmond City,PlanRVA,VA
51041100922,1071,Chesterfield,Richmond City,PlanRVA,VA
51041100923,156,Chesterfield,Richmond City,PlanRVA,VA
51041100924,281,Chesterfield,Richmond City,PlanRVA,VA
51041100926,194,Chesterfield,Richmond City,PlanRVA,VA
51041100928,335,Chesterfield,Richmond City,PlanRVA,VA
51041100929,64,Chesterfield,Richmond City,PlanRVA,VA
51041100930,80,Chesterfield,Richmond City,PlanRVA,VA
51041100931,255,Chesterfield,Richmond City,PlanRVA,VA
51041100932,15,Chesterfield,Richmond City,PlanRVA,VA
51041100933,34,Chesterfield,Richmond City,PlanRVA,VA
51041100934,167,Chesterfield,Richmond City,PlanRVA,VA
51041100935,101,Chesterfield,Richmond City,PlanRVA,VA
51041100936,56,Chesterfield,Richmond City,PlanRVA,VA
51041100937,137,Chesterfield,Richmond City,PlanRVA,VA
51041100938,36,Chesterfield,Richmond City,PlanRVA,VA
51041101003,43,Chesterfield,Richmond City,PlanRVA,VA
51041101004,32,Chesterfield,Richmond City,PlanRVA,VA
51041101007,161,Chesterfield,Richmond City,PlanRVA,VA
51041101008,66,Chesterfield,Richmond City,PlanRVA,VA
51041101009,63,Chesterfield,Richmond City,PlanRVA,VA
51041101011,41,Chesterfield,Richmond City,PlanRVA,VA
51041101012,263,Chesterfield,Richmond City,PlanRVA,VA
51041101013,9,Chesterfield,Richmond City,PlanRVA,VA
51041101014,3,Chesterfield,Richmond City,PlanRVA,VA
51041101015,46,Chesterfield,Richmond City,PlanRVA,VA
51075400101,1320,Goochland,Richmond City,PlanRVA,VA
51075400102,633,Goochland,Richmond City,PlanRVA,VA
51075400200,46,Goochland,Richmond City,PlanRVA,VA
51075400300,50,Goochland,Richmond City,PlanRVA,VA
51075400400,61,Goochland,Richmond City,PlanRVA,VA
51075400500,7,Goochland,Richmond City,PlanRVA,VA
51085320100,111,Hanover,Richmond City,PlanRVA,VA
51085320200,39,Hanover,Richmond City,PlanRVA,VA
51085320300,45,Hanover,Richmond City,PlanRVA,VA
51085320400,864,Hanover,Richmond City,PlanRVA,VA
51085320500,24,Hanover,Richmond City,PlanRVA,VA
51085320601,520,Hanover,Richmond City,PlanRVA,VA
51085320602,285,Hanover,Richmond City,PlanRVA,VA
51085320701,11,Hanover,Richmond City,PlanRVA,VA
51085320702,74,Hanover,Richmond City,PlanRVA,VA
51085320801,671,Hanover,Richmond City,PlanRVA,VA
51085320803,117,Hanover,Richmond City,PlanRVA,VA
51085320804,73,Hanover,Richmond City,PlanRVA,VA
51085320805,22,Hanover,Richmond City,PlanRVA,VA
51085320901,100,Hanover,Richmond City,PlanRVA,VA
51085320902,680,Hanover,Richmond City,PlanRVA,VA
51085321001,104,Hanover,Richmond City,PlanRVA,VA
51085321003,78,Hanover,Richmond City,PlanRVA,VA
51085321004,4,Hanover,Richmond City,PlanRVA,VA
51085321100,310,Hanover,Richmond City,PlanRVA,VA
51085321201,277,Hanover,Richmond City,PlanRVA,VA
51085321202,32,Hanover,Richmond City,PlanRVA,VA
51085321300,168,Hanover,Richmond City,PlanRVA,VA
51085321401,13,Hanover,Richmond City,PlanRVA,VA
51085321402,8,Hanover,Richmond City,PlanRVA,VA
51085321403,11,Hanover,Richmond City,PlanRVA,VA
51087200106,140,Henrico,Richmond City,PlanRVA,VA
51087200108,147,Henrico,Richmond City,PlanRVA,VA
51087200109,52,Henrico,Richmond City,PlanRVA,VA
51087200122,63,Henrico,Richmond City,PlanRVA,VA
51087200123,32,Henrico,Richmond City,PlanRVA,VA
51087200124,144,Henrico,Richmond City,PlanRVA,VA
51087200125,11,Henrico,Richmond City,PlanRVA,VA
51087200126,190,Henrico,Richmond City,PlanRVA,VA
51087200127,173,Henrico,Richmond City,PlanRVA,VA
51087200131,669,Henrico,Richmond City,PlanRVA,VA
51087200132,51,Henrico,Richmond City,PlanRVA,VA
51087200133,32,Henrico,Richmond City,PlanRVA,VA
51087200134,139,Henrico,Richmond City,PlanRVA,VA
51087200135,38,Henrico,Richmond City,PlanRVA,VA
51087200136,116,Henrico,Richmond City,PlanRVA,VA
51087200137,8,Henrico,Richmond City,PlanRVA,VA
51087200138,94,Henrico,Richmond City,PlanRVA,VA
51087200139,15,Henrico,Richmond City,PlanRVA,VA
51087200140,515,Henrico,Richmond City,PlanRVA,VA
51087200141,337,Henrico,Richmond City,PlanRVA,VA
51087200142,72,Henrico,Richmond City,PlanRVA,VA
51087200143,25,Henrico,Richmond City,PlanRVA,VA
51087200144,413,Henrico,Richmond City,PlanRVA,VA
51087200145,16,Henrico,Richmond City,PlanRVA,VA
51087200146,25,Henrico,Richmond City,PlanRVA,VA
51087200147,56,Henrico,Richmond City,PlanRVA,VA
51087200148,352,Henrico,Richmond City,PlanRVA,VA
51087200149,93,Henrico,Richmond City,PlanRVA,VA
51087200150,1937,Henrico,Richmond City,PlanRVA,VA
51087200151,1720,Henrico,Richmond City,PlanRVA,VA
51087200152,67,Henrico,Richmond City,PlanRVA,VA
51087200153,220,Henrico,Richmond City,PlanRVA,VA
51087200201,84,Henrico,Richmond City,PlanRVA,VA
51087200202,109,Henrico,Richmond City,PlanRVA,VA
51087200301,902,Henrico,Richmond City,PlanRVA,VA
51087200302,850,Henrico,Richmond City,PlanRVA,VA
51087200303,1192,Henrico,Richmond City,PlanRVA,VA
51087200305,507,Henrico,Richmond City,PlanRVA,VA
51087200404,382,Henrico,Richmond City,PlanRVA,VA
51087200407,229,Henrico,Richmond City,PlanRVA,VA
51087200409,605,Henrico,Richmond City,PlanRVA,VA
51087200411,38,Henrico,Richmond City,PlanRVA,VA
51087200412,134,Henrico,Richmond City,PlanRVA,VA
51087200413,58,Henrico,Richmond City,PlanRVA,VA
51087200414,17,Henrico,Richmond City,PlanRVA,VA
51087200415,23,Henrico,Richmond City,PlanRVA,VA
51087200416,47,Henrico,Richmond City,PlanRVA,VA
51087200417,99,Henrico,Richmond City,PlanRVA,VA
51087200418,61,Henrico,Richmond City,PlanRVA,VA
51087200501,1043,Henrico,Richmond City,PlanRVA,VA
51087200502,1608,Henrico,Richmond City,PlanRVA,VA
51087200503,660,Henrico,Richmond City,PlanRVA,VA
51087200600,24,Henrico,Richmond City,PlanRVA,VA
51087200700,321,Henrico,Richmond City,PlanRVA,VA
51087200801,810,Henrico,Richmond City,PlanRVA,VA
51087200802,88,Henrico,Richmond City,PlanRVA,VA
51087200805,458,Henrico,Richmond City,PlanRVA,VA
51087200806,8,Henrico,Richmond City,PlanRVA,VA
51087200807,31,Henrico,Richmond City,PlanRVA,VA
51087200904,311,Henrico,Richmond City,PlanRVA,VA
51087200905,199,Henrico,Richmond City,PlanRVA,VA
51087200906,14,Henrico,Richmond City,PlanRVA,VA
51087200907,419,Henrico,Richmond City,PlanRVA,VA
51087200908,273,Henrico,Richmond City,PlanRVA,VA
51087201001,86,Henrico,Richmond City,PlanRVA,VA
51087201002,176,Henrico,Richmond City,PlanRVA,VA
51087201003,55,Henrico,Richmond City,PlanRVA,VA
51087201102,32,Henrico,Richmond City,PlanRVA,VA
51087201103,18,Henrico,Richmond City,PlanRVA,VA
51087201104,963,Henrico,Richmond City,PlanRVA,VA
51087201203,26,Henrico,Richmond City,PlanRVA,VA
51087201204,28,Henrico,Richmond City,PlanRVA,VA
51087201205,182,Henrico,Richmond City,PlanRVA,VA
51087201206,17,Henrico,Richmond City,PlanRVA,VA
51087201403,57,Henrico,Richmond City,PlanRVA,VA
51087201404,178,Henrico,Richmond City,PlanRVA,VA
51087201405,88,Henrico,Richmond City,PlanRVA,VA
51087201406,865,Henrico,Richmond City,PlanRVA,VA
51087201502,171,Henrico,Richmond City,PlanRVA,VA
51087201503,18,Henrico,Richmond City,PlanRVA,VA
51087201504,634,Henrico,Richmond City,PlanRVA,VA
51087201601,15,Henrico,Richmond City,PlanRVA,VA
51087201602,246,Henrico,Richmond City,PlanRVA,VA
51087201701,56,Henrico,Richmond City,PlanRVA,VA
51087980100,196,Henrico,Richmond City,PlanRVA,VA
51127700100,65,New Kent,Richmond City,PlanRVA,VA
51127700200,27,New Kent,Richmond City,PlanRVA,VA
51127700301,56,New Kent,Richmond City,PlanRVA,VA
51127700302,64,New Kent,Richmond City,PlanRVA,VA
51145500101,128,Powhatan,Richmond City,PlanRVA,VA
51145500102,159,Powhatan,Richmond City,PlanRVA,VA
51145500201,51,Powhatan,Richmond City,PlanRVA,VA
51145500202,36,Powhatan,Richmond City,PlanRVA,VA
51145500300,29,Powhatan,Richmond City,PlanRVA,VA
51145500400,27,Powhatan,Richmond City,PlanRVA,VA
51760010201,101,Richmond City,Richmond City,PlanRVA,VA
51760010202,231,Richmond City,Richmond City,PlanRVA,VA
51760010300,23,Richmond City,Richmond City,PlanRVA,VA
51760010401,142,Richmond City,Richmond City,PlanRVA,VA
51760010402,137,Richmond City,Richmond City,PlanRVA,VA
51760010500,19,Richmond City,Richmond City,PlanRVA,VA
51760010600,151,Richmond City,Richmond City,PlanRVA,VA
51760010700,76,Richmond City,Richmond City,PlanRVA,VA
51760010800,44,Richmond City,Richmond City,PlanRVA,VA
51760010900,110,Richmond City,Richmond City,PlanRVA,VA
51760011000,29,Richmond City,Richmond City,PlanRVA,VA
51760011100,513,Richmond City,Richmond City,PlanRVA,VA
51760020100,32,Richmond City,Richmond City,PlanRVA,VA
51760020200,37,Richmond City,Richmond City,PlanRVA,VA
51760020300,127,Richmond City,Richmond City,PlanRVA,VA
51760020400,117,Richmond City,Richmond City,PlanRVA,VA
51760020501,445,Richmond City,Richmond City,PlanRVA,VA
51760020502,324,Richmond City,Richmond City,PlanRVA,VA
51760020600,183,Richmond City,Richmond City,PlanRVA,VA
51760020700,42,Richmond City,Richmond City,PlanRVA,VA
51760020800,62,Richmond City,Richmond City,PlanRVA,VA
51760020900,38,Richmond City,Richmond City,PlanRVA,VA
51760021000,16,Richmond City,Richmond City,PlanRVA,VA
51760021100,88,Richmond City,Richmond City,PlanRVA,VA
51760021200,35,Richmond City,Richmond City,PlanRVA,VA
51760030100,113,Richmond City,Richmond City,PlanRVA,VA
51760030200,5150,Richmond City,Richmond City,PlanRVA,VA
51760030501,1223,Richmond City,Richmond City,PlanRVA,VA
51760030502,5168,Richmond City,Richmond City,PlanRVA,VA
51760040201,71,Richmond City,Richmond City,PlanRVA,VA
51760040202,2660,Richmond City,Richmond City,PlanRVA,VA
51760040300,2355,Richmond City,Richmond City,PlanRVA,VA
51760040400,171,Richmond City,Richmond City,PlanRVA,VA
51760040500,275,Richmond City,Richmond City,PlanRVA,VA
51760040600,96,Richmond City,Richmond City,PlanRVA,VA
51760040700,248,Richmond City,Richmond City,PlanRVA,VA
51760040800,429,Richmond City,Richmond City,PlanRVA,VA
51760040900,680,Richmond City,Richmond City,PlanRVA,VA
51760041000,162,Richmond City,Richmond City,PlanRVA,VA
51760041100,696,Richmond City,Richmond City,PlanRVA,VA
51760041200,19,Richmond City,Richmond City,PlanRVA,VA
51760041300,355,Richmond City,Richmond City,PlanRVA,VA
51760041400,151,Richmond City,Richmond City,PlanRVA,VA
51760041600,40,Richmond City,Richmond City,PlanRVA,VA
51760050100,559,Richmond City,Richmond City,PlanRVA,VA
51760050200,258,Richmond City,Richmond City,PlanRVA,VA
51760050300,55,Richmond City,Richmond City,PlanRVA,VA
51760050400,364,Richmond City,Richmond City,PlanRVA,VA
51760050500,889,Richmond City,Richmond City,PlanRVA,VA
51760050600,82,Richmond City,Richmond City,PlanRVA,VA
51760060200,95,Richmond City,Richmond City,PlanRVA,VA
51760060400,209,Richmond City,Richmond City,PlanRVA,VA
51760060501,51,Richmond City,Richmond City,PlanRVA,VA
51760060502,138,Richmond City,Richmond City,PlanRVA,VA
51760060600,116,Richmond City,Richmond City,PlanRVA,VA
51760060700,318,Richmond City,Richmond City,PlanRVA,VA
51760060800,457,Richmond City,Richmond City,PlanRVA,VA
51760060900,256,Richmond City,Richmond City,PlanRVA,VA
51760061001,252,Richmond City,Richmond City,PlanRVA,VA
51760061002,760,Richmond City,Richmond City,PlanRVA,VA
51760070100,770,Richmond City,Richmond City,PlanRVA,VA
51760070300,227,Richmond City,Richmond City,PlanRVA,VA
51760070400,392,Richmond City,Richmond City,PlanRVA,VA
51760070601,323,Richmond City,Richmond City,PlanRVA,VA
51760070602,447,Richmond City,Richmond City,PlanRVA,VA
51760070700,93,Richmond City,Richmond City,PlanRVA,VA
51760070802,35,Richmond City,Richmond City,PlanRVA,VA
51760070803,65,Richmond City,Richmond City,PlanRVA,VA
51760070804,14,Richmond City,Richmond City,PlanRVA,VA
51760070901,96,Richmond City,Richmond City,PlanRVA,VA
51760070902,1034,Richmond City,Richmond City,PlanRVA,VA
51760071002,116,Richmond City,Richmond City,PlanRVA,VA
51760071003,32,Richmond City,Richmond City,PlanRVA,VA
51760071004,779,Richmond City,Richmond City,PlanRVA,VA
51760071100,84,Richmond City,Richmond City,PlanRVA,VA
